Ticker,Name,YahooSymbol,MarketCap,MarketCapSource,Currency,RegularMarketPrice,SharesOutstanding,QuoteType,Exchange,LongName,ShortName,Status,TimestampUTC
^SET.BK,^SET.BK,^SET.BK,"20,073,943,730,000,000",,THB,1588.06,,INDEX,SET,SET_SET Index,SET_SET Index,NO_MARKET_CAP_RETURNED,2026-06-03T11:01:43.560989+00:00
24CS.BK,24CS.BK,24CS.BK,,,,,485000000,,,,,NO_MARKET_CAP_RETURNED,2026-06-03T11:01:46.498957+00:00
2S.BK,2S.BK,2S.BK,1693987584,yfinance.info.marketCap,THB,3.08,549995954,EQUITY,SET,2S Metal Public Company Limited,2S_2S METAL,OK,2026-06-03T11:01:49.924040+00:00
3BBIF.BK,3BBIF.BK,3BBIF.BK,,,THB,6.5,,EQUITY,SET,3BB Internet Infrastructure Fund,3BBIF_3BB INTERNET,NO_MARKET_CAP_RETURNED,2026-06-03T11:01:52.098855+00:00
A.BK,A.BK,A.BK,3214400000,yfinance.info.marketCap,THB,3.28,980000000,EQUITY,SET,Areeya Property Public Company Limited,A_AREEYA PROPERTY,OK,2026-06-03T11:01:54.391930+00:00
A5.BK,A5.BK,A5.BK,2120400000,yfinance.info.marketCap,THB,1.8,1178000045,EQUITY,SET,Asset Five Group Public Company Limited,A5_ASSET FIVE GROUP,OK,2026-06-03T11:01:56.595620+00:00
AAI.BK,AAI.BK,AAI.BK,7577606656,yfinance.info.marketCap,THB,3.58,2116650000,EQUITY,SET,Asian Alliance International Public Company Limited,AAI_ASIAN ALLIANCE INTERNATIONA,OK,2026-06-03T11:01:59.309820+00:00
AAV.BK,AAV.BK,AAV.BK,13878000640,yfinance.info.marketCap,THB,1.08,12850000000,EQUITY,SET,Asia Aviation Public Company Limited,AAV_ASIA AVIATION,OK,2026-06-03T11:02:01.867721+00:00
ABM.BK,ABM.BK,ABM.BK,311454208,yfinance.info.marketCap,THB,0.45,692120446,EQUITY,SET,Asia Biomass Public Company Limited,ABM_ASIA BIOMASS,OK,2026-06-03T11:02:04.754535+00:00
ACAP.BK,ACAP.BK,ACAP.BK,134115688,yfinance.info.marketCap,THB,0.33,406411160,MUTUALFUND,SET,Asia Capital Group Public Company Limited,"ACAP.BK,0P0000AUJU,0",OK,2026-06-03T11:02:07.470391+00:00
ACC.BK,ACC.BK,ACC.BK,714526912,yfinance.info.marketCap,THB,0.38,1880333993,EQUITY,SET,Advanced Connection Corporation Public Company Limited,ACC_ADVANCED CONNECTION,OK,2026-06-03T11:02:10.007490+00:00
ACE.BK,ACE.BK,ACE.BK,12675972096,yfinance.info.marketCap,THB,1.3,9750747760,EQUITY,SET,Absolute Clean Energy Public Company Limited,ACE_ABSOLUTE CLEAN ENERGY,OK,2026-06-03T11:02:12.661936+00:00
ACG.BK,ACG.BK,ACG.BK,467999968,yfinance.info.marketCap,THB,0.78,600000000,EQUITY,SET,Autocorp Holding Public Company Limited,ACG_AUTOCORP HOLDING,OK,2026-06-03T11:02:15.661811+00:00
ADB.BK,ADB.BK,ADB.BK,479159968,yfinance.info.marketCap,THB,0.66,725999923,EQUITY,SET,Applied DB Public Company Limited,ADB_APPLIED DB,OK,2026-06-03T11:02:17.887613+00:00
ADD.BK,ADD.BK,ADD.BK,571200000,yfinance.info.marketCap,THB,3.4,168000000,EQUITY,SET,AddTech Hub Public Company Limited,ADD_ADDTECH HUB,OK,2026-06-03T11:02:20.302706+00:00
ADVANC.BK,ADVANC.BK,ADVANC.BK,1.08261E+12,yfinance.info.marketCap,THB,364,2974209736,EQUITY,SET,Advanced Info Service Public Company Limited,ADVANC_ADVANCED INFO SERVICE,OK,2026-06-03T11:02:22.993215+00:00
ADVICE.BK,ADVICE.BK,ADVICE.BK,4153999872,yfinance.info.marketCap,THB,6.7,620000000,EQUITY,SET,,ADVICE_ADVICE IT INFINITE,OK,2026-06-03T11:02:25.486036+00:00
AE.BK,AE.BK,AE.BK,257153584,yfinance.info.marketCap,THB,0.1,2571535907,EQUITY,SET,All Energy & Utilities Public Company Limited,AE_ALL ENERGY & UTILITIES,OK,2026-06-03T11:02:28.383842+00:00
AEONTS.BK,AEONTS.BK,AEONTS.BK," 23,293,888,512.00 ",yfinance.info.marketCap,THB,94.25,247150000,EQUITY,SET,AEON Thana Sinsap (Thailand) Public Company Limited,AEONTS_AEON THANA SINSAP,OK,2026-06-03T11:02:31.098386+00:00
AF.BK,AF.BK,AF.BK,576000000,yfinance.info.marketCap,THB,0.36,1600000000,EQUITY,SET,AIRA Factoring Public Company Limited,AF_AIRA FACTORING,OK,2026-06-03T11:02:34.171164+00:00
AFC.BK,AFC.BK,AFC.BK,175916656,yfinance.info.marketCap,THB,3.86,45574266,EQUITY,SET,Asia Fiber Public Company Limited,AFC_ASIA FIBER,OK,2026-06-03T11:02:36.345957+00:00
AGE.BK,AGE.BK,AGE.BK,1483688960,yfinance.info.marketCap,THB,1.24,1196523435,EQUITY,SET,Asia Green Energy Public Company Limited,AGE_ASIA GREEN ENERGY,OK,2026-06-03T11:02:38.867862+00:00
AH.BK,AH.BK,AH.BK,4806050304,yfinance.info.marketCap,THB,14.3,336087412,EQUITY,SET,AAPICO Hitech Public Company Limited,AH_AAPICO HITECH,OK,2026-06-03T11:02:41.006678+00:00
AHC.BK,AHC.BK,AHC.BK,1873865856,yfinance.info.marketCap,THB,12.5,149909264,EQUITY,SET,Aikchol Hospital Public Company Limited,AHC_AIKCHOL HOSPITAL,OK,2026-06-03T11:02:43.939195+00:00
AI.BK,AI.BK,AI.BK,2029997312,yfinance.info.marketCap,THB,2.9,699999021,EQUITY,SET,Asian Insulators Public Company Limited,AI_ASIAN INSULATORS,OK,2026-06-03T11:02:46.387828+00:00
AIE.BK,AIE.BK,AIE.BK,1660816768,yfinance.info.marketCap,THB,1.2,1384014009,EQUITY,SET,AI Energy Public Company Limited,AIE_AI ENERGY,OK,2026-06-03T11:02:49.280597+00:00
AIMCG.BK,AIMCG.BK,AIMCG.BK,383040000,yfinance.info.marketCap,THB,1.33,288000000,EQUITY,SET,AIM Commercial Growth Freehold And Leasehold Real Estate Investment Trust,AIMCG_AIM COMMERCIAL GROWTH,OK,2026-06-03T11:02:51.612629+00:00
AIMIRT.BK,AIMIRT.BK,AIMIRT.BK,9023100928,yfinance.info.marketCap,THB,11.4,791500104,EQUITY,SET,AIM Industrial Growth Freehold and Leasehold Real Estate Investment Trust,AIMIRT_AIM INDUSTRIAL GROWTH,OK,2026-06-03T11:02:54.586767+00:00
AIRA.BK,AIRA.BK,AIRA.BK,6883217920,yfinance.info.marketCap,THB,1.09,6314878533,EQUITY,SET,AIRA Capital Public Company Limited,AIRA_AIRA CAPITAL,OK,2026-06-03T11:02:57.485575+00:00
AIT.BK,AIT.BK,AIT.BK,7251881472,yfinance.info.marketCap,THB,4.72,1536415572,EQUITY,SET,Advanced Information Technology Public Company Limited,AIT_ADVANCED INFORMATION,OK,2026-06-03T11:03:00.047119+00:00
AJ.BK,AJ.BK,AJ.BK,1813354496,yfinance.info.marketCap,THB,3.04,596498177,EQUITY,SET,A.J. Plast Public Company Limited,AJ_A.J. PLAST,OK,2026-06-03T11:03:02.875227+00:00
AJA.BK,AJA.BK,AJA.BK,861481920,yfinance.info.marketCap,THB,0.15,5743212607,EQUITY,SET,AJ Advance Technology Public Company Limited,AJA_AJ ADVANCE TECHNOLOGY,OK,2026-06-03T11:03:05.148802+00:00
AKP.BK,AKP.BK,AKP.BK,294920000,yfinance.info.marketCap,THB,0.73,404000000,EQUITY,SET,Akkhie Prakarn Public Company Limited,AKP_AKKHIE PRAKARN,OK,2026-06-03T11:03:07.618841+00:00
AKR.BK,AKR.BK,AKR.BK,1295270016,yfinance.info.marketCap,THB,0.88,1471897693,EQUITY,SET,Ekarat Engineering Public Company Limited,AKR_EKARAT ENGINEERING,OK,2026-06-03T11:03:10.687612+00:00
AKS.BK,AKS.BK,AKS.BK,122198992,yfinance.info.marketCap,THB,0.03,4073299779,EQUITY,SET,AKS Corporation Public Company Limited,AKS_AKS CORPORATION,OK,2026-06-03T11:03:13.134331+00:00
ALLA.BK,ALLA.BK,ALLA.BK,702000000,yfinance.info.marketCap,THB,1.17,600000000,EQUITY,SET,Alla Public Company Limited,ALLA_ALLA,OK,2026-06-03T11:03:15.719229+00:00
ALLY.BK,ALLY.BK,ALLY.BK,4125751552,yfinance.info.marketCap,THB,4.72,874100000,EQUITY,SET,Ally Freehold And Leasehold Real Estate Investment Trust,ALLY_ALLY FREEHOLD AND LEASEHOL,OK,2026-06-03T11:03:18.102101+00:00
ALPHAX.BK,ALPHAX.BK,ALPHAX.BK,2601864704,yfinance.info.marketCap,THB,0.28,9292374138,EQUITY,SET,Alpha Divisions Public Company Limited,ALPHAX_ALPHA DIVISIONS,OK,2026-06-03T11:03:21.105723+00:00
ALT.BK,ALT.BK,ALT.BK,1748892288,yfinance.info.marketCap,THB,1.57,1113944019,EQUITY,SET,ALT Telecom Public Company Limited,ALT_ALT TELECOM,OK,2026-06-03T11:03:24.032111+00:00
ALUCON.BK,ALUCON.BK,ALUCON.BK,10281595904,yfinance.info.marketCap,THB,238,43199986,EQUITY,SET,Alucon Public Company Limited,ALUCON_ALUCON,OK,2026-06-03T11:03:26.469890+00:00
AMA.BK,AMA.BK,AMA.BK,1968083712,yfinance.info.marketCap,THB,3.8,517916773,EQUITY,SET,Ama Marine Public Company Limited,AMA_AMA MARINE,OK,2026-06-03T11:03:29.188828+00:00
AMANAH.BK,AMANAH.BK,AMANAH.BK,745996736,yfinance.info.marketCap,THB,0.63,1184121871,EQUITY,SET,Amanah Leasing Public Company Limited,AMANAH_AMANAH LEASING,OK,2026-06-03T11:03:32.182200+00:00
AMARC.BK,AMARC.BK,AMARC.BK,1408024960,yfinance.info.marketCap,THB,3.4,414125000,EQUITY,SET,Asia Medical and Agricultural Laboratory and Research Center Public Company Limited,AMARC_ASIA MEDICAL AND,OK,2026-06-03T11:03:34.850953+00:00
AMARIN.BK,AMARIN.BK,AMARIN.BK,2835119616,yfinance.info.marketCap,THB,2.84,998281590,EQUITY,SET,Amarin Corporations Public Company Limited,AMARIN_AMARIN CORPORATIONS,OK,2026-06-03T11:03:37.580323+00:00
AMATA.BK,AMATA.BK,AMATA.BK,28750000128,yfinance.info.marketCap,THB,25,1150000000,EQUITY,SET,Amata Corporation Public Company Limited,AMATA_AMATA CORPORATION,OK,2026-06-03T11:03:39.985164+00:00
AMATAR.BK,AMATAR.BK,AMATAR.BK,2612596992,yfinance.info.marketCap,THB,7.3,357890000,EQUITY,SET,Amata Summit Growth Freehold and Leasehold Real Estate Investment Trust,AMATAR_AMATA SUMMIT GROWTH,OK,2026-06-03T11:03:42.599260+00:00
AMATAV.BK,AMATAV.BK,AMATAV.BK,2153114368,yfinance.info.marketCap,THB,2.02,1065898265,EQUITY,SET,Amata VN Public Company Limited,AMATAV_AMATA VN,OK,2026-06-03T11:03:44.909326+00:00
AMC.BK,AMC.BK,AMC.BK,1056211840,yfinance.info.marketCap,THB,2.2,480096277,EQUITY,SET,Asia Metal Public Company Limited,AMC_ASIA METAL,OK,2026-06-03T11:03:47.801934+00:00
AMR.BK,AMR.BK,AMR.BK,248098192,yfinance.info.marketCap,THB,0.42,590710000,EQUITY,SET,AMR Asia Public Company Limited,AMR_AMR ASIA,OK,2026-06-03T11:03:50.143397+00:00
ANAN.BK,ANAN.BK,ANAN.BK,1416526720,yfinance.info.marketCap,THB,0.34,4166255157,EQUITY,SET,Ananda Development Public Company Limited,ANAN_ANANDA DEVELOPMENT,OK,2026-06-03T11:03:52.367725+00:00
ANI.BK,ANI.BK,ANI.BK,4656960000,yfinance.info.marketCap,THB,2.52,1848000000,EQUITY,SET,,ANI_ASIA NETWORK INTERNATIONAL,OK,2026-06-03T11:03:55.366380+00:00
AOT.BK,AOT.BK,AOT.BK,8.03571E+11,yfinance.info.marketCap,THB,56.25,14285700000,EQUITY,SET,Airports of Thailand Public Company Limited,AOT_AIRPORTS OF THAILAND,OK,2026-06-03T11:03:57.784340+00:00
AP.BK,AP.BK,AP.BK,22965067776,yfinance.info.marketCap,THB,7.3,3145899495,EQUITY,SET,AP (Thailand) Public Company Limited,AP_AP (THAILAND),OK,2026-06-03T11:04:00.746459+00:00
APCO.BK,APCO.BK,APCO.BK,1680000000,yfinance.info.marketCap,THB,2.8,600000000,EQUITY,SET,Asian Phytoceuticals Public Company Limited,APCO_ASIAN PHYTOCEUTICALS,OK,2026-06-03T11:04:03.858618+00:00
APCS.BK,APCS.BK,APCS.BK,956999872,yfinance.info.marketCap,THB,1.45,659999862,EQUITY,SET,Asia Precision Public Company Limited,APCS_ASIA PRECISION,OK,2026-06-03T11:04:06.230656+00:00
APO.BK,APO.BK,APO.BK,693600000,yfinance.info.marketCap,THB,2.04,340000000,EQUITY,SET,,APO_ASIAN PALM OIL,OK,2026-06-03T11:04:09.194423+00:00
APP.BK,APP.BK,APP.BK,711200000,yfinance.info.marketCap,THB,2.54,280000000,EQUITY,SET,Applicad Public Company Limited,APP_APPLICAD,OK,2026-06-03T11:04:12.097461+00:00
APURE.BK,APURE.BK,APURE.BK,1877970560,yfinance.info.marketCap,THB,2.02,929688395,EQUITY,SET,Agripure Holdings Public Company Limited,APURE_AGRIPURE HOLDINGS,OK,2026-06-03T11:04:14.983192+00:00
AQUA.BK,AQUA.BK,AQUA.BK,628370304,yfinance.info.marketCap,THB,0.11,5712457187,EQUITY,SET,Aqua Corporation Public Company Limited,AQUA_AQUA CORPORATION,OK,2026-06-03T11:04:17.695562+00:00
ARIN.BK,ARIN.BK,ARIN.BK,312000000,yfinance.info.marketCap,THB,0.52,600000000,EQUITY,SET,Arinsiri Land Public Company Limited,ARIN_ARINSIRI LAND,OK,2026-06-03T11:04:19.994384+00:00
ARIP.BK,ARIP.BK,ARIP.BK,209700000,yfinance.info.marketCap,THB,0.45,466000000,EQUITY,SET,ARIP Public Company Limited,ARIP_ARIP,OK,2026-06-03T11:04:23.047221+00:00
ARROW.BK,ARROW.BK,ARROW.BK,1361553536,yfinance.info.marketCap,THB,5.3,256896904,EQUITY,SET,Arrow Syndicate Public Company Limited,ARROW_ARROW SYNDICATE,OK,2026-06-03T11:04:25.580096+00:00
AS.BK,AS.BK,AS.BK,1198192256,yfinance.info.marketCap,THB,2.4,499246766,EQUITY,SET,Asphere Innovations Public Company Limited,AS_ASPHERE INNOVATIONS,OK,2026-06-03T11:04:27.713161+00:00
ASAP.BK,ASAP.BK,ASAP.BK,1655280000,yfinance.info.marketCap,THB,2.28,725999972,EQUITY,SET,Synergetic Auto Performance Public Company Limited,ASAP_SYNERGETIC AUTO PERFORMANC,OK,2026-06-03T11:04:30.729836+00:00
ASEFA.BK,ASEFA.BK,ASEFA.BK,2842830592,yfinance.info.marketCap,THB,5.5,516878300,EQUITY,SET,Asefa Public Company Limited,ASEFA_ASEFA,OK,2026-06-03T11:04:33.558552+00:00
ASIA.BK,ASIA.BK,ASIA.BK,1728000000,yfinance.info.marketCap,THB,5.4,320000000,EQUITY,SET,Asia Hotel Public Company Limited,ASIA_ASIA HOTEL,OK,2026-06-03T11:04:35.712703+00:00
ASIAN.BK,ASIAN.BK,ASIAN.BK,5640234496,yfinance.info.marketCap,THB,6.95,811544559,EQUITY,SET,Asian Sea Corporation Public Company Limited,ASIAN_ASIAN SEA CORPORATION,OK,2026-06-03T11:04:37.951310+00:00
ASIMAR.BK,ASIMAR.BK,ASIMAR.BK,353858784,yfinance.info.marketCap,THB,1.37,258291087,EQUITY,SET,Asian Marine Services Public Company Limited,ASIMAR_ASIAN MARINE SERVICES,OK,2026-06-03T11:04:40.258977+00:00
ASK.BK,ASK.BK,ASK.BK,6474880000,yfinance.info.marketCap,THB,9.2,703791280,EQUITY,SET,Asia Sermkij Leasing Public Company Limited,ASK_ASIA SERMKIJ LEASING,OK,2026-06-03T11:04:42.393255+00:00
ASN.BK,ASN.BK,ASN.BK,134783968,yfinance.info.marketCap,THB,0.72,187199953,EQUITY,SET,ASN Broker Public Company Limited,ASN_ASN BROKER,OK,2026-06-03T11:04:44.496282+00:00
ASP.BK,ASP.BK,ASP.BK,4388983808,yfinance.info.marketCap,THB,2.16,2031936744,EQUITY,SET,Asia Plus Group Holdings Public Company Limited,ASP_ASIA PLUS GROUP HOLDINGS,OK,2026-06-03T11:04:46.608074+00:00
ASW.BK,ASW.BK,ASW.BK,6253224448,yfinance.info.marketCap,THB,6.95,899744550,EQUITY,SET,Assetwise Public Company Limited,ASW_ASSETWISE,OK,2026-06-03T11:04:49.605901+00:00
ATP30.BK,ATP30.BK,ATP30.BK,545848064,yfinance.info.marketCap,THB,0.8,682310058,EQUITY,SET,ATP 30 Public Company Limited,ATP30_ATP30,OK,2026-06-03T11:04:52.143261+00:00
AU.BK,AU.BK,AU.BK,3833430528,yfinance.info.marketCap,THB,4.7,815623561,EQUITY,SET,After You Public Company Limited,AU_AFTER YOU,OK,2026-06-03T11:04:54.738791+00:00
AUCT.BK,AUCT.BK,AUCT.BK,2134000000,yfinance.info.marketCap,THB,3.88,550000000,EQUITY,SET,Union Auction Public Company Limited,AUCT_UNION AUCTION,OK,2026-06-03T11:04:57.478040+00:00
AURA.BK,AURA.BK,AURA.BK,19369680896,yfinance.info.marketCap,THB,14.5,1335840000,EQUITY,SET,Aurora Design Public Company Limited,AURA_AURORA DESIGN,OK,2026-06-03T11:04:59.805247+00:00
AWC.BK,AWC.BK,AWC.BK,74301579264,yfinance.info.marketCap,THB,2.32,32026544400,EQUITY,SET,Asset World Corp Public Company Limited,AWC_ASSET WORLD CORP,OK,2026-06-03T11:05:02.251644+00:00
AXTRART.BK,AXTRART.BK,AXTRART.BK,29683490816,yfinance.info.marketCap,THB,12.7,2337282928,EQUITY,SET,Axtra Future City Freehold And Leasehold Real Estate Investment Trust,AXTRART_AXTRA FUTURE CITY,OK,2026-06-03T11:05:04.462041+00:00
AYUD.BK,AYUD.BK,AYUD.BK,15570677760,yfinance.info.marketCap,THB,40,389266931,EQUITY,SET,Allianz Ayudhya Capital Public Company Limited,AYUD_ALLIANZ AYUDHYA CAPITAL,OK,2026-06-03T11:05:07.563022+00:00
B.BK,B.BK,B.BK,322960352,yfinance.info.marketCap,THB,0.04,8074009105,EQUITY,SET,Begistics Public Company Limited,B_BEGISTICS,OK,2026-06-03T11:05:09.673833+00:00
B52.BK,B52.BK,B52.BK,231444448,yfinance.info.marketCap,THB,0.23,1006280196,EQUITY,SET,B-52 Capital Public Company Limited,B52_B-52 CAPITAL,OK,2026-06-03T11:05:11.969556+00:00
BA.BK,BA.BK,BA.BK,32773941248,yfinance.info.marketCap,THB,15.8,2074300000,EQUITY,SET,Bangkok Airways Public Company Limited,BA_BANGKOK AIRWAYS,OK,2026-06-03T11:05:14.987037+00:00
BAFS.BK,BAFS.BK,BAFS.BK,5673715200,yfinance.info.marketCap,THB,8.9,637496153,EQUITY,SET,Bangkok Aviation Fuel Services Public Company Limited,BAFS_BANGKOK AVIATION FUEL,OK,2026-06-03T11:05:17.238187+00:00
BAM.BK,BAM.BK,BAM.BK,20685070336,yfinance.info.marketCap,THB,6.4,3232042300,EQUITY,SET,Bangkok Commercial Asset Management Public Company Limited,BAM_BANGKOK COMMERCIAL ASSET,OK,2026-06-03T11:05:19.505890+00:00
BANPU.BK,BANPU.BK,BANPU.BK,57608691712,yfinance.info.marketCap,THB,5.75,10018902730,EQUITY,SET,Banpu Public Company Limited,BANPU_BANPU,OK,2026-06-03T11:05:21.758693+00:00
BAREIT.BK,BAREIT.BK,BAREIT.BK,11053100032,yfinance.info.marketCap,THB,10.7,1033000000,EQUITY,SET,BA Airport Leasehold Real Estate Investment Trust,BAREIT_BA AIRPORT LEASEHOLD REA,OK,2026-06-03T11:05:24.531016+00:00
BAY.BK,BAY.BK,BAY.BK,2.66646E+11,yfinance.info.marketCap,THB,36.25,7355761773,EQUITY,SET,Bank of Ayudhya Public Company Limited,BAY_BANK OF AYUDHYA,OK,2026-06-03T11:05:26.787124+00:00
BBGI.BK,BBGI.BK,BBGI.BK,6275640320,yfinance.info.marketCap,THB,4.34,1446000000,EQUITY,SET,BBGI Public Company Limited,BBGI_BBGI,OK,2026-06-03T11:05:28.998180+00:00
BBIK.BK,BBIK.BK,BBIK.BK,3600278528,yfinance.info.marketCap,THB,18,200015474,EQUITY,SET,Bluebik Group Public Company Limited,BBIK_BLUEBIK GROUP,OK,2026-06-03T11:05:31.892113+00:00
BBL.BK,BBL.BK,BBL.BK,3.35002E+11,yfinance.info.marketCap,THB,175.5,1908842894,EQUITY,SET,Bangkok Bank Public Company Limited,BBL_BANGKOK BANK,OK,2026-06-03T11:05:34.695362+00:00
BC.BK,BC.BK,BC.BK,374776704,yfinance.info.marketCap,THB,0.65,576579584,EQUITY,SET,Boutique Corporation Public Company Limited,BC_BOUTIQUE CORPORATION,OK,2026-06-03T11:05:37.251935+00:00
BCH.BK,BCH.BK,BCH.BK,23316543488,yfinance.info.marketCap,THB,9.35,2493747984,EQUITY,SET,Bangkok Chain Hospital Public Company Limited,BCH_BANGKOK CHAIN HOSPITAL,OK,2026-06-03T11:05:39.659907+00:00
BCP.BK,BCP.BK,BCP.BK,50232315904,yfinance.info.marketCap,THB,34.25,1466636947,EQUITY,SET,Bangchak Corporation Public Company Limited,BCP_BANGCHAK CORPORATION,OK,2026-06-03T11:05:42.257813+00:00
BCPG.BK,BCPG.BK,BCPG.BK,19921799168,yfinance.info.marketCap,THB,6.65,2995759339,EQUITY,SET,BCPG Public Company Limited,BCPG_BCPG,OK,2026-06-03T11:05:45.115069+00:00
BCT.BK,BCT.BK,BCT.BK,15000000512,yfinance.info.marketCap,THB,50,300000000,EQUITY,SET,Birla Carbon (Thailand) Public Company Limited,BCT_BIRLA CARBON (THAILAND),OK,2026-06-03T11:05:47.514804+00:00
BDMS.BK,BDMS.BK,BDMS.BK,2.89234E+11,yfinance.info.marketCap,THB,18.2,15892001895,EQUITY,SET,Bangkok Dusit Medical Services Public Company Limited,BDMS_BANGKOK DUSIT MEDICAL,OK,2026-06-03T11:05:50.344971+00:00
BE8.BK,BE8.BK,BE8.BK,1482371200,yfinance.info.marketCap,THB,5.6,264709131,EQUITY,SET,Beryl 8 Plus Public Company Limited,BE8_BERYL 8 PLUS,OK,2026-06-03T11:05:53.163693+00:00
BEAUTY.BK,BEAUTY.BK,BEAUTY.BK,1167735424,yfinance.info.marketCap,THB,0.39,2994193535,EQUITY,SET,Beauty Community Public Company Limited,BEAUTY_BEAUTY COMMUNITY,OK,2026-06-03T11:05:55.641264+00:00
BEC.BK,BEC.BK,BEC.BK,4159999744,yfinance.info.marketCap,THB,2.08,2000000000,EQUITY,SET,BEC World Public Company Limited,BEC_BEC WORLD,OK,2026-06-03T11:05:57.761839+00:00
BEM.BK,BEM.BK,BEM.BK,77884956672,yfinance.info.marketCap,THB,5.2,14977876500,EQUITY,SET,Bangkok Expressway and Metro Public Company Limited,BEM_BANGKOK EXPRESSWAY AND METR,OK,2026-06-03T11:06:00.087904+00:00
BEYOND.BK,BEYOND.BK,BEYOND.BK,2518491648,yfinance.info.marketCap,THB,9,279832430,EQUITY,SET,Bound and Beyond Public Company Limited,BEYOND_BOUND AND BEYOND,OK,2026-06-03T11:06:02.439964+00:00
BGC.BK,BGC.BK,BGC.BK,4204746240,yfinance.info.marketCap,THB,6.2,677744400,EQUITY,SET,BG Container Glass Public Company Limited,BGC_BG CONTAINER GLASS,OK,2026-06-03T11:06:05.077528+00:00
BGRIM.BK,BGRIM.BK,BGRIM.BK,36496601088,yfinance.info.marketCap,THB,14,2606900000,EQUITY,SET,B.Grimm Power Public Company Limited,BGRIM_B.GRIMM POWER,OK,2026-06-03T11:06:07.584952+00:00
BGT.BK,BGT.BK,BGT.BK,130867168,yfinance.info.marketCap,THB,0.36,363519904,EQUITY,SET,BGT Corporation Public Company Limited,BGT_BGT CORPORATION,OK,2026-06-03T11:06:10.573132+00:00
BH.BK,BH.BK,BH.BK,1.41504E+11,yfinance.info.marketCap,THB,178,794966592,EQUITY,SET,Bumrungrad Hospital Public Company Limited,BH_BUMRUNGRAD HOSPITAL,OK,2026-06-03T11:06:13.010878+00:00
BIG.BK,BIG.BK,BIG.BK,1058663680,yfinance.info.marketCap,THB,0.3,3528878800,EQUITY,SET,Big Camera Corporation Public Company Limited,BIG_BIG CAMERA CORPORATION,OK,2026-06-03T11:06:15.451831+00:00
BIOTEC.BK,BIOTEC.BK,BIOTEC.BK,885475008,yfinance.info.marketCap,THB,0.29,3053362202,EQUITY,SET,Bio Green Energy Tech Public Company Limited,BIOTEC_BIO GREEN ENERGY TECH,OK,2026-06-03T11:06:18.310829+00:00
BIS.BK,BIS.BK,BIS.BK,646840000,yfinance.info.marketCap,THB,2.06,314000000,EQUITY,SET,Bioscience Animal Health Public Company Limited,BIS_BIOSCIENCE ANIMAL HEALTH,OK,2026-06-03T11:06:21.296663+00:00
BIZ.BK,BIZ.BK,BIZ.BK,3364115712,yfinance.info.marketCap,THB,5.6,600734989,EQUITY,SET,Business Alignment Public Company Limited,BIZ_BUSINESS ALIGNMENT,OK,2026-06-03T11:06:23.749096+00:00
BJC.BK,BJC.BK,BJC.BK,57311494144,yfinance.info.marketCap,THB,14.3,4007796699,EQUITY,SET,Berli Jucker Public Company Limited,BJC_BERLI JUCKER,OK,2026-06-03T11:06:26.019046+00:00
BJCHI.BK,BJCHI.BK,BJCHI.BK,1250925568,yfinance.info.marketCap,THB,0.79,1583450000,EQUITY,SET,BJC Heavy Industries Public Company Limited,BJCHI_BJC HEAVY INDUSTRIES,OK,2026-06-03T11:06:28.829702+00:00
BKD.BK,BKD.BK,BKD.BK,0,yfinance.info.marketCap,THB,1.13,1076210048,EQUITY,SET,Buakaew Income,BKD_BANGKOK DEC-CON,OK,2026-06-03T11:06:31.845926+00:00
BKGI.BK,BKGI.BK,BKGI.BK,1200000000,yfinance.info.marketCap,THB,2,600000000,EQUITY,SET,Bangkok Genomics Innovation Public Company Limited,BKGI_BANGKOK GENOMICS INNOVATIO,OK,2026-06-03T11:06:34.927523+00:00
BKIH.BK,BKIH.BK,BKIH.BK,36727590912,yfinance.info.marketCap,THB,353,104044168,EQUITY,SET,BKI Holdings Public Company Limited,BKIH_BKI HOLDINGS,OK,2026-06-03T11:06:37.204922+00:00
BLA.BK,BLA.BK,BLA.BK,39615533056,yfinance.info.marketCap,THB,23.2,1707566000,EQUITY,SET,Bangkok Life Assurance Public Company Limited,BLA_BANGKOK LIFE ASSURANCE,OK,2026-06-03T11:06:40.167314+00:00
BLAND.BK,BLAND.BK,BLAND.BK,7808681472,yfinance.info.marketCap,THB,0.45,17352625154,EQUITY,SET,Bangkok Land Public Company Limited,BLAND_BANGKOK LAND,OK,2026-06-03T11:06:42.806167+00:00
BLC.BK,BLC.BK,BLC.BK,2400000000,yfinance.info.marketCap,THB,4,600000000,EQUITY,SET,Bangkok Lab And Cosmetic Public Company Limited,BLC_BANGKOK LAB AND COSMETIC,OK,2026-06-03T11:06:45.470517+00:00
BLESS.BK,BLESS.BK,BLESS.BK,192000000,yfinance.info.marketCap,THB,0.24,800000000,EQUITY,SET,Bless Asset Group Public Company Limited,BLESS_BLESS ASSET GROUP,OK,2026-06-03T11:06:47.763578+00:00
BLISS.BK,BLISS.BK,BLISS.BK,0,yfinance.info.marketCap,THB,0.03091,32230500352,MUTUALFUND,SET,Bliss Intelligence Public Company Limited,"BLISS.BK,0P0000TVUV,0",OK,2026-06-03T11:06:50.737257+00:00
BM.BK,BM.BK,BM.BK,666547456,yfinance.info.marketCap,THB,1.03,647133437,EQUITY,SET,Bangkok Sheet Metal Public Company Limited,BM_BANGKOK SHEET METAL,OK,2026-06-03T11:06:53.371486+00:00
BOFFICE.BK,BOFFICE.BK,BOFFICE.BK,3910722048,yfinance.info.marketCap,THB,5.3,737872074,EQUITY,SET,Bhiraj Office Leasehold Real Estate Investment Trust,BOFFICE_BHIRAJ OFFICE LEASEHOLD,OK,2026-06-03T11:06:55.767135+00:00
BOL.BK,BOL.BK,BOL.BK,4020476928,yfinance.info.marketCap,THB,4.9,820505500,EQUITY,SET,Business Online Public Company Limited,BOL_BUSINESS ONLINE,OK,2026-06-03T11:06:58.578087+00:00
BPP.BK,BPP.BK,BPP.BK,36572782592,yfinance.info.marketCap,THB,12,3047731700,EQUITY,SET,Banpu Power Public Company Limited,BPP_BANPU POWER,OK,2026-06-03T11:07:01.459833+00:00
BPS.BK,BPS.BK,BPS.BK,200000000,yfinance.info.marketCap,THB,0.5,400000000,EQUITY,SET,,BPS_BPS TECHNOLOGY,OK,2026-06-03T11:07:04.267816+00:00
BR.BK,BR.BK,BR.BK,1552859136,yfinance.info.marketCap,THB,1.7,913446558,EQUITY,SET,Bangkok Ranch Public Company Limited,BR_BANGKOK RANCH,OK,2026-06-03T11:07:06.375960+00:00
BRI.BK,BRI.BK,BRI.BK,1874642176,yfinance.info.marketCap,THB,1.29,1453210999,EQUITY,SET,Britania Public Company Limited,BRI_BRITANIA,OK,2026-06-03T11:07:09.339793+00:00
BROCK.BK,BROCK.BK,BROCK.BK,1250500224,yfinance.info.marketCap,THB,1.22,1025000181,EQUITY,SET,Baan Rock Garden Public Company Limited,BROCK_BAAN ROCK GARDEN,OK,2026-06-03T11:07:11.546619+00:00
BRR.BK,BRR.BK,BRR.BK,2907319552,yfinance.info.marketCap,THB,3.58,812100406,EQUITY,SET,Buriram Sugar Public Company Limited,BRR_BURIRAM SUGAR,OK,2026-06-03T11:07:14.075866+00:00
BRRGIF.BK,BRRGIF.BK,BRRGIF.BK,,,THB,3.68,,EQUITY,SET,Buriram Sugar Group Power Plant Infrastructure Fund,BRRGIF_BURIRAM SUGAR GROUP POWE,NO_MARKET_CAP_RETURNED,2026-06-03T11:07:16.350849+00:00
BSBM.BK,BSBM.BK,BSBM.BK,661493248,yfinance.info.marketCap,THB,0.59,1121175000,EQUITY,SET,Bangsaphan Barmill Public Company Limited,BSBM_BANGSAPHAN BARMILL,OK,2026-06-03T11:07:19.172954+00:00
BSM.BK,BSM.BK,BSM.BK,72437216,yfinance.info.marketCap,THB,0.34,213050620,EQUITY,SET,BuilderSmart Public Company Limited,BSM_BUILDERSMART,OK,2026-06-03T11:07:22.003376+00:00
BSRC.BK,BSRC.BK,BSRC.BK,,,,,3460858000,,,,,NO_MARKET_CAP_RETURNED,2026-06-03T11:07:24.623560+00:00
BTC.BK,BTC.BK,BTC.BK,1620123136,yfinance.info.marketCap,THB,0.15,10800820471,EQUITY,SET,The Brooker Group Public Company Limited,BTC_THE BROOKER GROUP,OK,2026-06-03T11:07:28.152808+00:00
BTG.BK,BTG.BK,BTG.BK,38144319488,yfinance.info.marketCap,THB,19.9,1916800000,EQUITY,SET,Betagro Public Company Limited,BTG_BETAGRO,OK,2026-06-03T11:07:30.849178+00:00
BTNC.BK,BTNC.BK,BTNC.BK,180000000,yfinance.info.marketCap,THB,15,12000000,EQUITY,SET,Boutique Newcity Public Company Limited,BTNC_BOUTIQUE NEWCITY,OK,2026-06-03T11:07:33.689823+00:00
BTS.BK,BTS.BK,BTS.BK,33475110912,yfinance.info.marketCap,THB,2.08,16093803620,EQUITY,SET,BTS Group Holdings Public Company Limited,BTS_BTS GROUP HOLDINGS,OK,2026-06-03T11:07:36.549468+00:00
BTSGIF.BK,BTSGIF.BK,BTSGIF.BK,,,THB,2.62,,EQUITY,SET,BTS Rail Mass Transit Growth Infrastructure Fund,BTSGIF_BTS RAIL MASS TRANSIT,NO_MARKET_CAP_RETURNED,2026-06-03T11:07:38.947454+00:00
BTW.BK,BTW.BK,BTW.BK,52920000,yfinance.info.marketCap,THB,0.07,756000000,EQUITY,SET,BT Wealth Industries Public Company Limited,BTW_BT WEALTH INDUSTRIES,OK,2026-06-03T11:07:41.341986+00:00
BUI.BK,BUI.BK,BUI.BK,640896128,yfinance.info.marketCap,THB,11.3,56716471,EQUITY,SET,Bangkok Union Insurance Public Company Limited,BUI_BANGKOK UNION INSURANCE,OK,2026-06-03T11:07:43.428089+00:00
BVG.BK,BVG.BK,BVG.BK,715500032,yfinance.info.marketCap,THB,1.59,450000000,EQUITY,SET,BlueVenture Group Public Company Limited,BVG_BLUEVENTURE GROUP,OK,2026-06-03T11:07:46.579898+00:00
BWG.BK,BWG.BK,BWG.BK,1914362496,yfinance.info.marketCap,THB,0.3,6381208233,EQUITY,SET,Better World Green Public Company Limited,BWG_BETTER WORLD GREEN,OK,2026-06-03T11:07:49.396255+00:00
B-WORK.BK,B-WORK.BK,B-WORK.BK,1504704000,yfinance.info.marketCap,THB,4.08,368800000,MUTUALFUND,SET,Bualuang Office Leasehold Real Estate Investment Trust,"B-WORK.BK,0P0001CS31,219900",OK,2026-06-03T11:07:52.475620+00:00
BYD.BK,BYD.BK,BYD.BK,2709526784,yfinance.info.marketCap,THB,0.52,5210628836,EQUITY,SET,Beyond Securities Public Company Limited,BYD_BEYOND SECURITIES,OK,2026-06-03T11:07:55.443225+00:00
CAZ.BK,CAZ.BK,CAZ.BK,469039744,yfinance.info.marketCap,THB,1.55,302606312,EQUITY,SET,CAZ (Thailand) Public Company Limited,CAZ_CAZ (THAILAND),OK,2026-06-03T11:07:57.803130+00:00
CBG.BK,CBG.BK,CBG.BK,41000001536,yfinance.info.marketCap,THB,41,1000000000,EQUITY,SET,Carabao Group Public Company Limited,CBG_CARABAO GROUP,OK,2026-06-03T11:08:00.318475+00:00
CCET.BK,CCET.BK,CCET.BK,1.0659E+11,yfinance.info.marketCap,THB,10.2,10450002831,EQUITY,SET,Cal-Comp Electronics (Thailand) Public Company Limited,CCET_CAL-COMP ELECTRONICS,OK,2026-06-03T11:08:02.989450+00:00
CCP.BK,CCP.BK,CCP.BK,747368192,yfinance.info.marketCap,THB,0.27,2768030181,EQUITY,SET,Chonburi Concrete Product Public Company Limited,CCP_CHONBURI CONCRETE PRODUCT,OK,2026-06-03T11:08:05.216348+00:00
CEN.BK,CEN.BK,CEN.BK,462000832,yfinance.info.marketCap,THB,0.62,745162611,EQUITY,SET,Capital Engineering Network Public Company Limited,CEN_CAPITAL ENGINEERING NETWORK,OK,2026-06-03T11:08:07.714466+00:00
CENTEL.BK,CENTEL.BK,CENTEL.BK,45562499072,yfinance.info.marketCap,THB,33.75,1350000000,EQUITY,SET,Central Plaza Hotel Public Company Limited,CENTEL_CENTRAL PLAZA HOTEL,OK,2026-06-03T11:08:10.444964+00:00
CEYE.BK,CEYE.BK,CEYE.BK,345052480,yfinance.info.marketCap,THB,1.19,289960078,EQUITY,SET,Chamni's Eye Public Company Limited,CEYE_CHAMNI'S EYE,OK,2026-06-03T11:08:13.322221+00:00
CFARM.BK,CFARM.BK,CFARM.BK,464000000,yfinance.info.marketCap,THB,0.8,580000000,EQUITY,SET,Chuwit Farm (2019) Public Company Limited,CFARM_CHUWIT FARM (2019),OK,2026-06-03T11:08:15.660829+00:00
CFRESH.BK,CFRESH.BK,CFRESH.BK,917828224,yfinance.info.marketCap,THB,0.99,927099200,EQUITY,SET,Seafresh Industry Public Company Limited,CFRESH_SEAFRESH INDUSTRY,OK,2026-06-03T11:08:17.906017+00:00
CGD.BK,CGD.BK,CGD.BK,826612928,yfinance.info.marketCap,THB,0.1,8266129050,EQUITY,SET,Country Group Development Public Company Limited,CGD_COUNTRY GROUP DEVELOPMENT,OK,2026-06-03T11:08:20.831646+00:00
CGH.BK,CGH.BK,CGH.BK,2200797696,yfinance.info.marketCap,THB,0.53,4152448429,EQUITY,SET,Country Group Holdings Public Company Limited,CGH_COUNTRY GROUP HOLDINGS,OK,2026-06-03T11:08:23.246539+00:00
CH.BK,CH.BK,CH.BK,1208000000,yfinance.info.marketCap,THB,1.51,800000000,EQUITY,SET,Chin Huay Public Company Limited,CH_CHIN HUAY,OK,2026-06-03T11:08:25.862838+00:00
CHAO.BK,CHAO.BK,CHAO.BK,1236475776,yfinance.info.marketCap,THB,4.2,293921800,EQUITY,SET,,CHAO_CHAOSUA FOODS INDUSTRY,OK,2026-06-03T11:08:28.134442+00:00
CHARAN.BK,CHARAN.BK,CHARAN.BK,216000000,yfinance.info.marketCap,THB,18,12000000,EQUITY,SET,Charan Insurance Public Company Limited,CHARAN_CHARAN INSURANCE,OK,2026-06-03T11:08:30.753645+00:00
CHASE.BK,CHASE.BK,CHASE.BK,993141824,yfinance.info.marketCap,THB,0.5,1986283700,EQUITY,SET,Chase Asia Public Company Limited,CHASE_CHASE ASIA,OK,2026-06-03T11:08:33.511603+00:00
CHAYO.BK,CHAYO.BK,CHAYO.BK,1526952704,yfinance.info.marketCap,THB,1.31,1165612822,EQUITY,SET,Chayo Group Public Company Limited,CHAYO_CHAYO GROUP,OK,2026-06-03T11:08:36.487808+00:00
CHEWA.BK,CHEWA.BK,CHEWA.BK,204004608,yfinance.info.marketCap,THB,0.16,1275028883,EQUITY,SET,Chewathai Public Company Limited,CHEWA_CHEWATHAI,OK,2026-06-03T11:08:38.814856+00:00
CHG.BK,CHG.BK,CHG.BK,15619999744,yfinance.info.marketCap,THB,1.42,11000000000,EQUITY,SET,Chularat Hospital Public Company Limited,CHG_CHULARAT HOSPITAL,OK,2026-06-03T11:08:41.882116+00:00
CHIC.BK,CHIC.BK,CHIC.BK,408000032,yfinance.info.marketCap,THB,0.3,1360000000,EQUITY,SET,Chic Republic Public Company Limited,CHIC_CHIC REPUBLIC,OK,2026-06-03T11:08:44.161991+00:00
CHO.BK,CHO.BK,CHO.BK,45974084,yfinance.info.marketCap,THB,0.06,766234725,EQUITY,SET,Cho Thavee Public Company Limited,CHO_CHO THAVEE,OK,2026-06-03T11:08:46.475834+00:00
CHOTI.BK,CHOTI.BK,CHOTI.BK,515624992,yfinance.info.marketCap,THB,68.75,7500000,EQUITY,SET,Kiang Huat Sea Gull Trading Frozen Food Public Company Limited,CHOTI_KIANG HUAT SEA GULL,OK,2026-06-03T11:08:49.215214+00:00
CHOW.BK,CHOW.BK,CHOW.BK,1136000000,yfinance.info.marketCap,THB,1.42,800000000,EQUITY,SET,Chow Bright Ventures Holdings Public Company,CHOW_CHOW BRIGHT VENTURES,OK,2026-06-03T11:08:51.877573+00:00
CI.BK,CI.BK,CI.BK,341394144,yfinance.info.marketCap,THB,0.32,1066856744,EQUITY,SET,Charn Issara Development Public Company Limited,CI_CHARN ISSARA DEVELOPMENT,OK,2026-06-03T11:08:54.219687+00:00
CIG.BK,CIG.BK,CIG.BK,112097328,yfinance.info.marketCap,THB,0.03,3736577699,EQUITY,SET,C.I. Group Public Company Limited,CIG_C.I.GROUP,OK,2026-06-03T11:08:57.264921+00:00
CIMBT.BK,CIMBT.BK,CIMBT.BK,12884237312,yfinance.info.marketCap,THB,0.37,34822261748,EQUITY,SET,CIMB Thai Bank Public Company Limited,CIMBT_CIMB THAI BANK,OK,2026-06-03T11:08:59.678877+00:00
CITY.BK,CITY.BK,CITY.BK,354000000,yfinance.info.marketCap,THB,1.18,300000000,EQUITY,SET,City Steel Public Company Limited,CITY_CITY STEEL,OK,2026-06-03T11:09:02.201238+00:00
CIVIL.BK,CIVIL.BK,CIVIL.BK,924000064,yfinance.info.marketCap,THB,1.32,700000000,EQUITY,SET,Civil Engineering Public Company Limited,CIVIL_CIVIL ENGINEERING,OK,2026-06-03T11:09:04.499720+00:00
CK.BK,CK.BK,CK.BK,32934973440,yfinance.info.marketCap,THB,19.6,1680355672,EQUITY,SET,CH. Karnchang Public Company Limited,CK_CH. KARNCHANG,OK,2026-06-03T11:09:07.338609+00:00
CKP.BK,CKP.BK,CKP.BK,19185342464,yfinance.info.marketCap,THB,2.36,8129382729,EQUITY,SET,CK Power Public Company Limited,CKP_CK POWER,OK,2026-06-03T11:09:10.045299+00:00
CM.BK,CM.BK,CM.BK,602210240,yfinance.info.marketCap,THB,1.58,381145725,EQUITY,SET,Chiangmai Frozen Foods Public Company Limited,CM_CHIANGMAI FROZEN FOODS,OK,2026-06-03T11:09:12.249075+00:00
CMAN.BK,CMAN.BK,CMAN.BK,2668800000,yfinance.info.marketCap,THB,2.78,960000000,EQUITY,SET,Chememan Public Company Limited,CMAN_CHEMEMAN,OK,2026-06-03T11:09:15.531058+00:00
CMC.BK,CMC.BK,CMC.BK,385774592,yfinance.info.marketCap,THB,0.35,1102213169,EQUITY,SET,Chaoprayamahanakorn Public Company Limited,CMC_CHAOPRAYAMAHANAKORN,OK,2026-06-03T11:09:18.296119+00:00
CMO.BK,CMO.BK,CMO.BK,264228400,yfinance.info.marketCap,THB,0.62,426174854,EQUITY,SET,CMO Public Company Limited,CMO_CMO,OK,2026-06-03T11:09:21.296528+00:00
CMR.BK,CMR.BK,CMR.BK,5373885440,yfinance.info.marketCap,THB,1.32,4071125000,EQUITY,SET,Chiang Mai Ram Medical Business Public Company Limited,CMR_CHIANG MAI RAM MEDICAL,OK,2026-06-03T11:09:24.312440+00:00
CNT.BK,CNT.BK,CNT.BK,1737158016,yfinance.info.marketCap,THB,1.69,1027904144,EQUITY,SET,Christiani & Nielsen (Thai) Public Company Limited,CNT_CHRISTIANI & NIELSEN (THAI),OK,2026-06-03T11:09:26.663485+00:00
COCOCO.BK,COCOCO.BK,COCOCO.BK,8526000128,yfinance.info.marketCap,THB,5.8,1470000000,EQUITY,SET,Thai Coconut Public Company Limited,COCOCO_THAI COCONUT,OK,2026-06-03T11:09:29.442614+00:00
COLOR.BK,COLOR.BK,COLOR.BK,606633984,yfinance.info.marketCap,THB,1.03,588965082,EQUITY,SET,Salee Colour Public Company Limited,COLOR_SALEE COLOUR,OK,2026-06-03T11:09:31.847071+00:00
COM7.BK,COM7.BK,COM7.BK,62479020032,yfinance.info.marketCap,THB,26.5,2357698765,EQUITY,SET,Com7 Public Company Limited,COM7_COM7,OK,2026-06-03T11:09:34.307104+00:00
COMAN.BK,COMAN.BK,COMAN.BK,85377904,yfinance.info.marketCap,THB,0.51,167407662,EQUITY,SET,Comanche International Public Company Limited,COMAN_COMANCHE INTERNATIONAL,OK,2026-06-03T11:09:37.379648+00:00
CPALL.BK,CPALL.BK,CPALL.BK,4.16594E+11,yfinance.info.marketCap,THB,46.75,8911101348,EQUITY,SET,CP ALL Public Company Limited,CPALL_CP ALL,OK,2026-06-03T11:09:39.495093+00:00
CPANEL.BK,CPANEL.BK,CPANEL.BK,199077872,yfinance.info.marketCap,THB,1.22,163178573,EQUITY,SET,CPanel Public Company Limited,CPANEL_CPANEL,OK,2026-06-03T11:09:41.919352+00:00
CPAXT.BK,CPAXT.BK,CPAXT.BK,1.585E+11,yfinance.info.marketCap,THB,15.2,10427661800,EQUITY,SET,CP Axtra Public Company Limited,CPAXT_CP AXTRA,OK,2026-06-03T11:09:44.513913+00:00
CPF.BK,CPF.BK,CPF.BK,1.44494E+11,yfinance.info.marketCap,THB,19,7604962585,EQUITY,SET,Charoen Pokphand Foods Public Company Limited,CPF_CHAROEN POKPHAND FOODS,OK,2026-06-03T11:09:47.395456+00:00
CPH.BK,CPH.BK,CPH.BK,312000000,yfinance.info.marketCap,THB,7.8,40000000,EQUITY,SET,Castle Peak Holdings Public Company Limited,CPH_CASTLE PEAK HOLDINGS,OK,2026-06-03T11:09:49.784589+00:00
CPI.BK,CPI.BK,CPI.BK,2189324032,yfinance.info.marketCap,THB,3.46,632752650,EQUITY,SET,Chumporn Palm Oil Industry Public Company Limited,CPI_CHUMPORN PALM OIL INDUSTRY,OK,2026-06-03T11:09:52.735268+00:00
CPL.BK,CPL.BK,CPL.BK,299094112,yfinance.info.marketCap,THB,0.68,439844284,EQUITY,SET,CPL Group Public Company Limited,CPL_CPL GROUP,OK,2026-06-03T11:09:55.781686+00:00
CPN.BK,CPN.BK,CPN.BK,2.92842E+11,yfinance.info.marketCap,THB,65.25,4488000000,EQUITY,SET,Central Pattana Public Company Limited,CPN_CENTRAL PATTANA,OK,2026-06-03T11:09:58.366337+00:00
CPNCG.BK,CPNCG.BK,CPNCG.BK,2453174296,regularMarketPrice x sharesOutstanding,THB,5.75,426639008,EQUITY,SET,CPN Commercial Growth Leasehold Property Fund,CPNCG_CPN COMMERCIAL GROWTH,OK,2026-06-03T11:10:00.683553+00:00
CPNREIT.BK,CPNREIT.BK,CPNREIT.BK,45625532416,yfinance.info.marketCap,THB,12.6,3621074000,EQUITY,SET,CPN Retail Growth Leasehold REIT,CPNREIT_CPN RETAIL GROWTH,OK,2026-06-03T11:10:03.180927+00:00
CPR.BK,CPR.BK,CPR.BK,521379968,yfinance.info.marketCap,THB,2.62,199000000,EQUITY,SET,CPR Gomu Industrial Public Company Limited,CPR_CPR GOMU INDUSTRIAL,OK,2026-06-03T11:10:05.517389+00:00
CPT.BK,CPT.BK,CPT.BK,944999936,yfinance.info.marketCap,THB,1.05,900000000,EQUITY,SET,CPT Drives and Power Public Company Limited,CPT_CPT DRIVES AND POWER,OK,2026-06-03T11:10:07.719080+00:00
CPTREIT.BK,CPTREIT.BK,CPTREIT.BK,3565706130,regularMarketPrice x sharesOutstanding,THB,6.3,565985100,EQUITY,SET,C.P. Tower Leasehold Real Estate Investment Trust,CPTREIT_C.P. TOWER LEASEHOLD,OK,2026-06-03T11:10:10.404210+00:00
CPW.BK,CPW.BK,CPW.BK,1500000000,yfinance.info.marketCap,THB,2.5,600000000,EQUITY,SET,Copperwired Public Company Limited,CPW_COPPERWIRED,OK,2026-06-03T11:10:13.135897+00:00
CRANE.BK,CRANE.BK,CRANE.BK,295693312,yfinance.info.marketCap,THB,0.39,758188031,EQUITY,SET,Chukai Public Company Limited,CRANE_CHU KAI,OK,2026-06-03T11:10:15.900886+00:00
CRC.BK,CRC.BK,CRC.BK,1.27254E+11,yfinance.info.marketCap,THB,21.1,6031000000,EQUITY,SET,Central Retail Corporation Public Company Limited,CRC_CENTRAL RETAIL CORPORATION,OK,2026-06-03T11:10:18.375827+00:00
CRD.BK,CRD.BK,CRD.BK,185000000,yfinance.info.marketCap,THB,0.37,500000000,EQUITY,SET,Chiangmai Rimdoi Public Company Limited,CRD_CHIANGMAI RIMDOI,OK,2026-06-03T11:10:20.882236+00:00
CREDIT.BK,CREDIT.BK,CREDIT.BK,23585429504,yfinance.info.marketCap,THB,19.1,1234839222,EQUITY,SET,Thai Credit Bank Public Company Limited,CREDIT_THAI CREDIT BANK,OK,2026-06-03T11:10:23.630025+00:00
CSC.BK,CSC.BK,CSC.BK,2275033856,yfinance.info.marketCap,THB,43.75,52000775,EQUITY,SET,Crown Seal Public Company Limited,CSC_CROWN SEAL,OK,2026-06-03T11:10:25.931692+00:00
CSP.BK,CSP.BK,CSP.BK,248084416,yfinance.info.marketCap,THB,0.5,496168826,EQUITY,SET,CSP Steel Center Public Company Limited,CSP_CSP STEEL CENTER,OK,2026-06-03T11:10:29.017248+00:00
CSR.BK,CSR.BK,CSR.BK,1501624960,yfinance.info.marketCap,THB,73.25,20500000,EQUITY,SET,City Sports and Recreation Public Company Limited,CSR_CITY SPORTS AND RECREATION,OK,2026-06-03T11:10:31.300837+00:00
CSS.BK,CSS.BK,CSS.BK,1187496576,yfinance.info.marketCap,THB,1.01,1175739089,EQUITY,SET,Communication & System Solution Public Company Limited,CSS_COMMUNICATION AND SYSTEM,OK,2026-06-03T11:10:34.361279+00:00
CTARAF.BK,CTARAF.BK,CTARAF.BK,1516800000,regularMarketPrice x sharesOutstanding,THB,4.74,320000000,EQUITY,SET,Centara Hotels and Resorts Leasehold Property Fund,CTARAF_CENTARA HOTELS & RESORTS,OK,2026-06-03T11:10:37.273261+00:00
CTW.BK,CTW.BK,CTW.BK,2407333120,yfinance.info.marketCap,THB,6.05,397906284,EQUITY,SET,Charoong Thai Wire and Cable Public Company Limited,CTW_CHAROONG THAI WIRE & CABLE,OK,2026-06-03T11:10:39.956920+00:00
CV.BK,CV.BK,CV.BK,25647054,yfinance.info.marketCap,THB,0.03,854901830,EQUITY,SET,Clover Power Public Company Limited,CV_CLOVER POWER,OK,2026-06-03T11:10:42.759934+00:00
CWT.BK,CWT.BK,CWT.BK,472737344,yfinance.info.marketCap,THB,0.75,630316465,EQUITY,SET,Chai Watana Tannery Group Public Company Limited,CWT_CHAI WATANA TANNERY GROUP,OK,2026-06-03T11:10:45.512051+00:00
D.BK,D.BK,D.BK,1006055040,yfinance.info.marketCap,THB,2.94,342195576,EQUITY,SET,Dental Corporation Public Company Limited,D_DENTAL CORPORATION,OK,2026-06-03T11:10:48.470828+00:00
DCC.BK,DCC.BK,DCC.BK,12161319936,yfinance.info.marketCap,THB,1.34,9075611266,EQUITY,SET,Dynasty Ceramic Public Company Limited,DCC_DYNASTY CERAMIC,OK,2026-06-03T11:10:51.576896+00:00
DCON.BK,DCON.BK,DCON.BK,1077268096,yfinance.info.marketCap,THB,0.2,5386340396,EQUITY,SET,Dcon Products Public Company Limited,DCON_DCON PRODUCTS,OK,2026-06-03T11:10:54.082607+00:00
DDD.BK,DDD.BK,DDD.BK,1486951168,yfinance.info.marketCap,THB,4.7,316372600,EQUITY,SET,Do Day Dream Public Company Limited,DDD_DO DAY DREAM,OK,2026-06-03T11:10:57.227823+00:00
DELTA.BK,DELTA.BK,DELTA.BK,4.4282E+12,yfinance.info.marketCap,THB,355,12473816140,EQUITY,SET,Delta Electronics (Thailand) Public Company Limited,DELTA_DELTA ELECTRONICS,OK,2026-06-03T11:10:59.567518+00:00
DEMCO.BK,DEMCO.BK,DEMCO.BK,2200978688,yfinance.info.marketCap,THB,2.92,753759784,EQUITY,SET,Demco Public Company Limited,DEMCO_DEMCO,OK,2026-06-03T11:11:01.961110+00:00
DEXON.BK,DEXON.BK,DEXON.BK,414555008,yfinance.info.marketCap,THB,0.87,476500000,EQUITY,SET,Dexon Technology Public Company Limited,DEXON_DEXON TECHNOLOGY,OK,2026-06-03T11:11:04.889748+00:00
DHOUSE.BK,DHOUSE.BK,DHOUSE.BK,335466688,yfinance.info.marketCap,THB,0.37,906666660,EQUITY,SET,Dhouse Pattana Public Company Limited,DHOUSE_DHOUSE PATTANA,OK,2026-06-03T11:11:07.508161+00:00
DIF.BK,DIF.BK,DIF.BK,,,THB,10,,EQUITY,SET,Digital Telecommunications Infrastructure Fund,DIF_DIGITAL TELECOMMUNICATIONS,NO_MARKET_CAP_RETURNED,2026-06-03T11:11:09.624436+00:00
DIMET.BK,DIMET.BK,DIMET.BK,134550128,yfinance.info.marketCap,THB,0.05,2691002469,EQUITY,SET,Dimet (Siam) Public Company Limited,DIMET_DIMET (SIAM),OK,2026-06-03T11:11:11.921346+00:00
DITTO.BK,DITTO.BK,DITTO.BK,9576007680,yfinance.info.marketCap,THB,13.8,693913599,EQUITY,SET,Ditto (Thailand) Public Company Limited,DITTO_DITTO (THAILAND),OK,2026-06-03T11:11:14.222960+00:00
DMT.BK,DMT.BK,DMT.BK,13347930112,yfinance.info.marketCap,THB,11.3,1181232800,EQUITY,SET,Don Muang Tollway Public Company Limited,DMT_DON MUANG TOLLWAY,OK,2026-06-03T11:11:16.288948+00:00
DOD.BK,DOD.BK,DOD.BK,738679424,yfinance.info.marketCap,THB,1.64,450414285,EQUITY,SET,DOD Biotech Public Company Limited,DOD_DOD BIOTECH,OK,2026-06-03T11:11:18.760048+00:00
DOHOME.BK,DOHOME.BK,DOHOME.BK,12174417920,yfinance.info.marketCap,THB,3.46,3518617733,EQUITY,SET,Dohome Public Company Limited,DOHOME_DOHOME,OK,2026-06-03T11:11:20.971916+00:00
DPAINT.BK,DPAINT.BK,DPAINT.BK,161000000,yfinance.info.marketCap,THB,0.7,230000000,EQUITY,SET,Delta Paint Public Company Limited,DPAINT_DELTA PAINT,OK,2026-06-03T11:11:23.401428+00:00
DREIT.BK,DREIT.BK,DREIT.BK,3415200256,yfinance.info.marketCap,THB,4.8,711500000,EQUITY,SET,Dusit Thani Freehold and Leasehold Real Estate Investment Trust,DREIT_DUSIT THANI FREEHOLD AND,OK,2026-06-03T11:11:26.228127+00:00
DRT.BK,DRT.BK,DRT.BK,4060165632,yfinance.info.marketCap,THB,5,812033136,EQUITY,SET,Diamond Building Products Public Company Limited,DRT_DIAMOND BUILDING PRODUCTS,OK,2026-06-03T11:11:28.625958+00:00
DTCENT.BK,DTCENT.BK,DTCENT.BK,1236827904,yfinance.info.marketCap,THB,0.94,1315774366,EQUITY,SET,D.T.C. Enterprise Public Company Limited,DTCENT_D.T.C. ENTERPRISE,OK,2026-06-03T11:11:31.705886+00:00
DTCI.BK,DTCI.BK,DTCI.BK,175000000,yfinance.info.marketCap,THB,17.5,10000000,EQUITY,SET,D.T.C. Industries Public Company Limited,DTCI_D.T.C. INDUSTRIES,OK,2026-06-03T11:11:33.946341+00:00
DUSIT.BK,DUSIT.BK,DUSIT.BK,8621906944,yfinance.info.marketCap,THB,10.2,845285000,EQUITY,SET,Dusit Thani Public Company Limited,DUSIT_DUSIT THANI,OK,2026-06-03T11:11:36.601941+00:00
DV8.BK,DV8.BK,DV8.BK,8434052096,yfinance.info.marketCap,THB,5.2,1621933140,EQUITY,SET,Astra Enterprise Public Company Limited,DV8_DV8,OK,2026-06-03T11:11:39.043108+00:00
EA.BK,EA.BK,EA.BK,26142339072,yfinance.info.marketCap,THB,3.52,7426800806,EQUITY,SET,Energy Absolute Public Company Limited,EA_ENERGY ABSOLUTE,OK,2026-06-03T11:11:41.627921+00:00
EASON.BK,EASON.BK,EASON.BK,585842688,yfinance.info.marketCap,THB,1.09,537470345,EQUITY,SET,Eason & Co Public Company Limited,EASON_EASON & CO,OK,2026-06-03T11:11:43.865155+00:00
EASTW.BK,EASTW.BK,EASTW.BK,7020919808,yfinance.info.marketCap,THB,4.22,1663725149,EQUITY,SET,Eastern Water Resources Development and Management Public Company Limited,EASTW_EASTERN WATER RESOURCES,OK,2026-06-03T11:11:46.586837+00:00
ECF.BK,ECF.BK,ECF.BK,64161576,yfinance.info.marketCap,THB,0.06,1145742479,EQUITY,SET,East Coast Furnitech Public Company Limited,ECF_EAST COAST FURNITECH,OK,2026-06-03T11:11:48.872012+00:00
EE.BK,EE.BK,EE.BK,,,,,2780019968,NONE,,,,NO_MARKET_CAP_RETURNED,2026-06-03T11:11:51.733874+00:00
EFORL.BK,EFORL.BK,EFORL.BK,559786816,yfinance.info.marketCap,THB,0.14,3998477368,EQUITY,SET,E for L Aim Public Company Limited,EFORL_E FOR L AIM,OK,2026-06-03T11:11:54.614862+00:00
EGATIF.BK,EGATIF.BK,EGATIF.BK,,,THB,6.15,,EQUITY,SET,Electricity Generating Authority Of Thailand- North Bangkok Power Plant Block 1 Infrastructure Fund,EGATIF_NORTH BANGKOK POWER,NO_MARKET_CAP_RETURNED,2026-06-03T11:11:57.341116+00:00
EGCO.BK,EGCO.BK,EGCO.BK,61333172224,yfinance.info.marketCap,THB,116.5,526465000,EQUITY,SET,Electricity Generating Public Company Limited,EGCO_ELECTRICITY GENERATING,OK,2026-06-03T11:12:00.216050+00:00
EKH.BK,EKH.BK,EKH.BK,4000000000,yfinance.info.marketCap,THB,5,800000000,EQUITY,SET,Ekachai Medical Care Public Company Limited,EKH_EKACHAI MEDICAL CARE,OK,2026-06-03T11:12:02.365563+00:00
EMC.BK,EMC.BK,EMC.BK,251412656,yfinance.info.marketCap,THB,0.02,12570633180,EQUITY,SET,EMC Public Company Limited,EMC_EMC,OK,2026-06-03T11:12:04.955879+00:00
EP.BK,EP.BK,EP.BK,979132352,yfinance.info.marketCap,THB,1.05,932507097,EQUITY,SET,Eastern Power Group Public Company Limited,EP_EASTERN POWER GROUP,OK,2026-06-03T11:12:07.531857+00:00
EPG.BK,EPG.BK,EPG.BK,16520000512,yfinance.info.marketCap,THB,5.9,2800000000,EQUITY,SET,Eastern Polymer Group Public Company Limited,EPG_EASTERN POLYMER GROUP,OK,2026-06-03T11:12:10.564224+00:00
ERW.BK,ERW.BK,ERW.BK,14172095488,yfinance.info.marketCap,THB,2.9,4886929429,EQUITY,SET,The Erawan Group Public Company Limited,ERW_THE ERAWAN GROUP,OK,2026-06-03T11:12:12.704360+00:00
ESTAR.BK,ESTAR.BK,ESTAR.BK,1155116672,yfinance.info.marketCap,THB,0.23,5022246185,EQUITY,SET,Eastern Star Real Estate Public Company Limited,ESTAR_EASTERN STAR REAL ESTATE,OK,2026-06-03T11:12:15.282834+00:00
ETC.BK,ETC.BK,ETC.BK,1680000000,yfinance.info.marketCap,THB,0.75,2240000000,EQUITY,SET,Earth Tech Environment Public Company Limited,ETC_EARTH TECH ENVIRONMENT,OK,2026-06-03T11:12:18.287649+00:00
ETE.BK,ETE.BK,ETE.BK,319200000,yfinance.info.marketCap,THB,0.57,560000000,EQUITY,SET,Eastern Technical Engineering Public Company Limited,ETE_EASTERN TECHNICAL,OK,2026-06-03T11:12:20.411881+00:00
ETL.BK,ETL.BK,ETL.BK,229400000,yfinance.info.marketCap,THB,0.37,620000000,EQUITY,SET,,ETL_EUROASIA TOTAL LOGISTICS,OK,2026-06-03T11:12:22.969326+00:00
EURO.BK,EURO.BK,EURO.BK,1534375424,yfinance.info.marketCap,THB,5.05,303836700,EQUITY,SET,,EURO_EURO CREATIONS,OK,2026-06-03T11:12:25.925494+00:00
EVER.BK,EVER.BK,EVER.BK,291287200,yfinance.info.marketCap,THB,0.06,4854786552,EQUITY,SET,Everland Public Company Limited,EVER_EVERLAND,OK,2026-06-03T11:12:28.270238+00:00
F&D.BK,F&D.BK,F&D.BK,916463600,regularMarketPrice x sharesOutstanding,THB,52,17624300,EQUITY,SET,Food and Drinks Public Company Limited,F&D_FOOD AND DRINKS,OK,2026-06-03T11:12:31.466025+00:00
FANCY.BK,FANCY.BK,FANCY.BK,172200000,yfinance.info.marketCap,THB,0.28,615000000,EQUITY,SET,Fancy Wood Industries Public Company Limited,FANCY_FANCY WOOD INDUSTRIES,OK,2026-06-03T11:12:34.359783+00:00
FE.BK,FE.BK,FE.BK,1263134976,yfinance.info.marketCap,THB,160.5,7870000,EQUITY,SET,Far East Fame Line Public Company Limited,FE_FAR EAST FAME LINE,OK,2026-06-03T11:12:36.694066+00:00
FLOYD.BK,FLOYD.BK,FLOYD.BK,479998336,yfinance.info.marketCap,THB,1.08,444442864,EQUITY,SET,Floyd Public Company Limited,FLOYD_FLOYD,OK,2026-06-03T11:12:39.822595+00:00
FM.BK,FM.BK,FM.BK,4109363712,yfinance.info.marketCap,THB,4.16,987827850,EQUITY,SET,,FM_FOOD MOMENTS,OK,2026-06-03T11:12:42.422118+00:00
FMT.BK,FMT.BK,FMT.BK,940800000,yfinance.info.marketCap,THB,19.6,48000000,EQUITY,SET,Fine Metal Technologies Public Company Limited,FMT_FINE METAL TECHNOLOGIES,OK,2026-06-03T11:12:45.292304+00:00
FN.BK,FN.BK,FN.BK,500000000,yfinance.info.marketCap,THB,0.5,1000000000,EQUITY,SET,FN Factory Outlet Public Company Limited,FN_FN FACTORY OUTLET,OK,2026-06-03T11:12:47.966632+00:00
FNS.BK,FNS.BK,FNS.BK,255332048,yfinance.info.marketCap,THB,0.51,500651065,EQUITY,SET,FNS Holdings Public Company Limited,FNS_FNS HOLDINGS,OK,2026-06-03T11:12:50.468225+00:00
FORTH.BK,FORTH.BK,FORTH.BK,15059533824,yfinance.info.marketCap,THB,16.1,935374700,EQUITY,SET,Forth Corporation Public Company Limited,FORTH_FORTH CORPORATION,OK,2026-06-03T11:12:53.451256+00:00
FPI.BK,FPI.BK,FPI.BK,2299805440,yfinance.info.marketCap,THB,1.52,1513029934,EQUITY,SET,Fortune Parts Industry Public Company Limited,FPI_FORTUNE PARTS INDUSTRY,OK,2026-06-03T11:12:56.240416+00:00
FPT.BK,FPT.BK,FPT.BK,14959336448,yfinance.info.marketCap,THB,6.45,2319277000,EQUITY,SET,Frasers Property (Thailand) Public Company Limited,FPT_FRASERS PROPERTY (THAILAND),OK,2026-06-03T11:12:59.091955+00:00
FSMART.BK,FSMART.BK,FSMART.BK,5648559616,yfinance.info.marketCap,THB,7.5,753141300,EQUITY,SET,Forth Smart Service Public Company Limited,FSMART_FORTH SMART SERVICE,OK,2026-06-03T11:13:01.986026+00:00
FSX.BK,FSX.BK,FSX.BK,1310145024,yfinance.info.marketCap,THB,1.15,1139256532,EQUITY,SET,Finansia X Public Company Limited,FSX_FINANSIA X,OK,2026-06-03T11:13:04.770676+00:00
FTE.BK,FTE.BK,FTE.BK,1610399872,yfinance.info.marketCap,THB,2.44,659999924,EQUITY,SET,Firetrade Engineering Public Company Limited,FTE_FIRETRADE ENGINEERING,OK,2026-06-03T11:13:07.100828+00:00
FTI.BK,FTI.BK,FTI.BK,792000000,yfinance.info.marketCap,THB,1.76,450000000,EQUITY,SET,Function International Public Company Limited,FTI_FUNCTION INTERNATIONAL,OK,2026-06-03T11:13:09.780559+00:00
FTREIT.BK,FTREIT.BK,FTREIT.BK,38415630336,yfinance.info.marketCap,THB,11.7,3283387048,EQUITY,SET,Frasers Property Thailand Industrial Freehold & Leasehold REIT,FTREIT_FRASERS PROPERTY THAILAN,OK,2026-06-03T11:13:12.701828+00:00
FUTURERT.BK,FUTURERT.BK,FUTURERT.BK,4713138176,yfinance.info.marketCap,THB,8.9,529566100,EQUITY,SET,Future City Leasehold Real Estate Investment Trust,FUTURERT_FUTURE CITY LEASEHOLD,OK,2026-06-03T11:13:14.999288+00:00
FVC.BK,FVC.BK,FVC.BK,679170880,yfinance.info.marketCap,THB,0.31,2190873802,EQUITY,SET,Filter Vision Public Company Limited,FVC_FILTER VISION,OK,2026-06-03T11:13:17.213542+00:00
GABLE.BK,GABLE.BK,GABLE.BK,2940089856,yfinance.info.marketCap,THB,4.2,700021420,EQUITY,SET,G-Able Public Company Limited,GABLE_G-ABLE,OK,2026-06-03T11:13:19.760133+00:00
GAHREIT.BK,GAHREIT.BK,GAHREIT.BK,730080000,yfinance.info.marketCap,THB,4.16,175500000,EQUITY,SET,Grande Hospitality Real Estate Investment Trust,GAHREIT_GRANDE HOSPITALITY REAL,OK,2026-06-03T11:13:22.046104+00:00
GBX.BK,GBX.BK,GBX.BK,631664256,yfinance.info.marketCap,THB,0.58,1089076392,EQUITY,SET,Globlex Holding Management Public Company Limited,GBX_GLOBLEX HOLDING MANAGEMENT,OK,2026-06-03T11:13:24.886971+00:00
GC.BK,GC.BK,GC.BK,1979999488,yfinance.info.marketCap,THB,4.5,439999864,EQUITY,SET,Global Connections Public Company Limited,GC_GLOBAL CONNECTIONS,OK,2026-06-03T11:13:27.581161+00:00
GCAP.BK,GCAP.BK,GCAP.BK,135474336,yfinance.info.marketCap,THB,0.25,541897340,EQUITY,SET,G Capital Public Company Limited,GCAP_G CAPITAL,OK,2026-06-03T11:13:30.072057+00:00
GEL.BK,GEL.BK,GEL.BK,258361456,yfinance.info.marketCap,THB,0.03,8612049053,EQUITY,SET,General Engineering Public Company Limited,GEL_GENERAL ENGINEERING,OK,2026-06-03T11:13:32.568006+00:00
GENCO.BK,GENCO.BK,GENCO.BK,365873952,yfinance.info.marketCap,THB,0.33,1108708925,EQUITY,SET,General Environmental Conservation Public Company Limited,GENCO_GENERAL ENVIRONMENTAL,OK,2026-06-03T11:13:34.942064+00:00
GFC.BK,GFC.BK,GFC.BK,572000000,yfinance.info.marketCap,THB,2.6,220000000,EQUITY,SET,Genesis Fertility Center Public Company Limited,GFC_GENESIS FERTILITY CENTER,OK,2026-06-03T11:13:37.668207+00:00
GFPT.BK,GFPT.BK,GFPT.BK,10720169984,yfinance.info.marketCap,THB,8.55,1253821000,EQUITY,SET,GFPT Public Company Limited,GFPT_GFPT,OK,2026-06-03T11:13:40.762226+00:00
GGC.BK,GGC.BK,GGC.BK,4053720064,yfinance.info.marketCap,THB,3.96,1023666700,EQUITY,SET,Global Green Chemicals Public Company Limited,GGC_GLOBAL GREEN CHEMICALS,OK,2026-06-03T11:13:43.211835+00:00
GJS.BK,GJS.BK,GJS.BK,3313327360,yfinance.info.marketCap,THB,0.13,25487134896,EQUITY,SET,G J Steel Public Company Limited,GJS_G J STEEL,OK,2026-06-03T11:13:46.100141+00:00
GL.BK,GL.BK,GL.BK,,,,,24789999616,NONE,,,,NO_MARKET_CAP_RETURNED,2026-06-03T11:13:48.182968+00:00
GLAND.BK,GLAND.BK,GLAND.BK,4809873920,yfinance.info.marketCap,THB,0.74,6499829661,EQUITY,SET,Grand Canal Land Public Company Limited,GLAND_GRAND CANAL LAND,OK,2026-06-03T11:13:51.371045+00:00
GLOBAL.BK,GLOBAL.BK,GLOBAL.BK,41174626304,yfinance.info.marketCap,THB,7.35,5601990083,EQUITY,SET,Siam Global House Public Company Limited,GLOBAL_SIAM GLOBAL HOUSE,OK,2026-06-03T11:13:53.603552+00:00
GLOCON.BK,GLOCON.BK,GLOCON.BK,,,,,3434040064,,,,,NO_MARKET_CAP_RETURNED,2026-06-03T11:13:56.368653+00:00
GLORY.BK,GLORY.BK,GLORY.BK,311055552,yfinance.info.marketCap,THB,1.15,270483100,EQUITY,SET,Glory Forever Public Company Limited,GLORY_GLORY FOREVER,OK,2026-06-03T11:13:58.995207+00:00
GPI.BK,GPI.BK,GPI.BK,1014000064,yfinance.info.marketCap,THB,1.69,600000000,EQUITY,SET,Grand Prix International Public Company Limited,GPI_GRAND PRIX INTERNATIONAL,OK,2026-06-03T11:14:01.545466+00:00
GPSC.BK,GPSC.BK,GPSC.BK,1.16314E+11,yfinance.info.marketCap,THB,41.25,2819729367,EQUITY,SET,Global Power Synergy Public Company Limited,GPSC_GLOBAL POWER SYNERGY,OK,2026-06-03T11:14:04.064821+00:00
GRAMMY.BK,GRAMMY.BK,GRAMMY.BK,2492647168,yfinance.info.marketCap,THB,3.04,819949729,EQUITY,SET,GMM Grammy Public Company Limited,GRAMMY_GMM GRAMMY,OK,2026-06-03T11:14:06.437940+00:00
GRAND.BK,GRAND.BK,GRAND.BK,280233600,yfinance.info.marketCap,THB,0.03,9341120023,EQUITY,SET,Grande Asset Hotels and Property Public Company Limited,GRAND_GRANDE ASSET HOTELS AND,OK,2026-06-03T11:14:09.036685+00:00
GREEN.BK,GREEN.BK,GREEN.BK,597158080,yfinance.info.marketCap,THB,0.73,818024729,EQUITY,SET,Green Resources Public Company Limited,GREEN_GREEN RESOURCES,OK,2026-06-03T11:14:11.472516+00:00
GROREIT.BK,GROREIT.BK,GROREIT.BK,2835000064,yfinance.info.marketCap,THB,9,315000000,EQUITY,SET,Grande Royal Orchid Hospitality Real Estate Investment Trust with Buy-Back Condition,GROREIT_GRANDE ROYAL ORCHID,OK,2026-06-03T11:14:14.097104+00:00
GSTEEL.BK,GSTEEL.BK,GSTEEL.BK,0,yfinance.info.marketCap,THB,0.09,28928800768,MUTUALFUND,SET,G Steel Public Company Limited,"GSTEEL.BK,0P0000AY6A,0",OK,2026-06-03T11:14:17.104913+00:00
GTB.BK,GTB.BK,GTB.BK,681600000,yfinance.info.marketCap,THB,0.71,960000000,EQUITY,SET,Getabec Public Company Limited,GTB_GETABEC,OK,2026-06-03T11:14:19.324949+00:00
GTV.BK,GTV.BK,GTV.BK,393928672,yfinance.info.marketCap,THB,0.03,13130956245,EQUITY,SET,Green Tech Ventures Public Company Limited,GTV_GREEN TECH VENTURES,OK,2026-06-03T11:14:22.056878+00:00
GULF.BK,GULF.BK,GULF.BK,9.6362E+11,yfinance.info.marketCap,THB,64.5,14939837683,EQUITY,SET,Gulf Development Public Company Limited,GULF_GULF DEVELOPMENT,OK,2026-06-03T11:14:24.234900+00:00
GUNKUL.BK,GUNKUL.BK,GUNKUL.BK,35174825984,yfinance.info.marketCap,THB,3.96,8882530974,EQUITY,SET,Gunkul Engineering Public Company Limited,GUNKUL_GUNKUL ENGINEERING,OK,2026-06-03T11:14:27.125842+00:00
GVREIT.BK,GVREIT.BK,GVREIT.BK,5662859776,yfinance.info.marketCap,THB,6.95,814800000,EQUITY,SET,Golden Ventures Leasehold Real Estate Investment Trust,GVREIT_GOLDEN VENTURES LEASEHOL,OK,2026-06-03T11:14:29.336843+00:00
GYT.BK,GYT.BK,GYT.BK,1332000000,yfinance.info.marketCap,THB,180,7400000,EQUITY,SET,Goodyear (Thailand) Public Company Limited,GYT_GOODYEAR (THAILAND),OK,2026-06-03T11:14:31.645775+00:00
HANA.BK,HANA.BK,HANA.BK,34529300480,yfinance.info.marketCap,THB,39,885366660,EQUITY,SET,Hana Microelectronics Public Company Limited,HANA_HANA MICROELECTRONICS,OK,2026-06-03T11:14:33.875884+00:00
HARN.BK,HARN.BK,HARN.BK,1239139840,yfinance.info.marketCap,THB,2.12,584500000,EQUITY,SET,Harn Engineering Solutions Public Company Limited,HARN_HARN ENGINEERING SOLUTIONS,OK,2026-06-03T11:14:36.040592+00:00
HEALTH.BK,HEALTH.BK,HEALTH.BK,152164992,yfinance.info.marketCap,THB,0.36,422680522,EQUITY,SET,Health Empire Corp PLC,HEALTH_HEALTH EMPIRE CORPORATIO,OK,2026-06-03T11:14:39.021820+00:00
HENG.BK,HENG.BK,HENG.BK,3390899712,yfinance.info.marketCap,THB,0.89,3810000000,EQUITY,SET,Heng Leasing and Capital Public Company Limited,HENG_HENG LEASING AND CAPITAL,OK,2026-06-03T11:14:41.908509+00:00
HFT.BK,HFT.BK,HFT.BK,2765423872,yfinance.info.marketCap,THB,4.2,658434300,EQUITY,SET,Hwa Fong Rubber (Thailand) Public Company Limited,HFT_HWA FONG RUBBER (THAILAND),OK,2026-06-03T11:14:44.149886+00:00
HL.BK,HL.BK,HL.BK,1487999488,yfinance.info.marketCap,THB,5.85,254283900,EQUITY,SET,Healthlead Public Company Limited,HL_HEALTHLEAD,OK,2026-06-03T11:14:46.376255+00:00
HMPRO.BK,HMPRO.BK,HMPRO.BK,78159953920,yfinance.info.marketCap,THB,6.05,12919000000,EQUITY,SET,Home Product Center Public Company Limited,HMPRO_HOME PRODUCT CENTER,OK,2026-06-03T11:14:48.813695+00:00
HPF.BK,HPF.BK,HPF.BK,2890500000,regularMarketPrice x sharesOutstanding,THB,6.15,470000000,EQUITY,SET,Hemaraj Industrial Property and Leasehold Fund,HPF_HEMARAJ INDUSTRIAL PROPERTY,OK,2026-06-03T11:14:51.265183+00:00
HPT.BK,HPT.BK,HPT.BK,218486192,yfinance.info.marketCap,THB,0.33,662079341,EQUITY,SET,Home Pottery Public Company Limited,HPT_HOME POTTERY,OK,2026-06-03T11:14:53.872152+00:00
HTC.BK,HTC.BK,HTC.BK,6390543872,yfinance.info.marketCap,THB,15.9,401921000,EQUITY,SET,Haad Thip Public Company Limited,HTC_HAAD THIP,OK,2026-06-03T11:14:56.747023+00:00
HTECH.BK,HTECH.BK,HTECH.BK,1158418816,yfinance.info.marketCap,THB,3.6,321782997,EQUITY,SET,Halcyon Technology Public Company Limited,HTECH_HALCYON TECHNOLOGY,OK,2026-06-03T11:14:59.347237+00:00
HUMAN.BK,HUMAN.BK,HUMAN.BK,4130796544,yfinance.info.marketCap,THB,4.94,836193576,EQUITY,SET,Humanica Public Company Limited,HUMAN_HUMANICA,OK,2026-06-03T11:15:02.078348+00:00
HYDRO.BK,HYDRO.BK,HYDRO.BK,371439840,yfinance.info.marketCap,THB,1.23,301983601,EQUITY,SET,Hydrotek Public Company Limited,HYDRO_HYDROTEK,OK,2026-06-03T11:15:04.589650+00:00
HYDROGEN.BK,HYDROGEN.BK,HYDROGEN.BK,1713689984,yfinance.info.marketCap,THB,8.25,207720000,EQUITY,SET,Hydrogen Freehold and Leasehold Real Estate Investment Trust,HYDROGEN_HYDROGEN FREEHOLD AND,OK,2026-06-03T11:15:07.537850+00:00
I2.BK,I2.BK,I2.BK,310800000,yfinance.info.marketCap,THB,0.74,420000000,EQUITY,SET,I2 Enterprise Public Company Limited,I2_I2 ENTERPRISE,OK,2026-06-03T11:15:10.263106+00:00
ICC.BK,ICC.BK,ICC.BK,12400000000,yfinance.info.marketCap,THB,24.8,500000000,EQUITY,SET,I.C.C. International Public Company Limited,ICC_I.C.C. INTERNATIONAL,OK,2026-06-03T11:15:12.634450+00:00
ICHI.BK,ICHI.BK,ICHI.BK,16899999744,yfinance.info.marketCap,THB,13,1300000000,EQUITY,SET,Ichitan Group Public Company Limited,ICHI_ICHITAN GROUP,OK,2026-06-03T11:15:14.857249+00:00
ICN.BK,ICN.BK,ICN.BK,1424852864,yfinance.info.marketCap,THB,2.12,672100443,EQUITY,SET,Information and Communication Networks Public Company Limited,ICN_INFORMATION AND,OK,2026-06-03T11:15:17.686019+00:00
IFS.BK,IFS.BK,IFS.BK,908039936,yfinance.info.marketCap,THB,1.84,493499975,EQUITY,SET,IFS Capital (Thailand) Public Company Limited,IFS_IFS CAPITAL (THAILAND),OK,2026-06-03T11:15:20.380839+00:00
IHL.BK,IHL.BK,IHL.BK,877352320,yfinance.info.marketCap,THB,1.48,592805637,EQUITY,SET,Interhides Public Company Limited,IHL_INTERHIDES,OK,2026-06-03T11:15:22.600255+00:00
IIG.BK,IIG.BK,IIG.BK,182597376,yfinance.info.marketCap,THB,1.48,123376607,EQUITY,SET,I&I Group Public Company Limited,IIG_I&I GROUP,OK,2026-06-03T11:15:25.207962+00:00
III.BK,III.BK,III.BK,3197042176,yfinance.info.marketCap,THB,4.16,768519820,EQUITY,SET,Triple i Logistics Public Company Limited,III_TRIPLE I LOGISTICS,OK,2026-06-03T11:15:28.074679+00:00
ILINK.BK,ILINK.BK,ILINK.BK,2642053120,yfinance.info.marketCap,THB,4.86,543632325,EQUITY,SET,Interlink Communication Public Company Limited,ILINK_INTERLINK COMMUNICATION,OK,2026-06-03T11:15:30.419331+00:00
ILM.BK,ILM.BK,ILM.BK,6312500224,yfinance.info.marketCap,THB,12.5,505000000,EQUITY,SET,Index Living Mall Public Company Limited,ILM_INDEX LIVING MALL,OK,2026-06-03T11:15:32.695306+00:00
IMH.BK,IMH.BK,IMH.BK,687305216,yfinance.info.marketCap,THB,2.9,237001800,EQUITY,SET,Intermedical Care and Lab Hospital Public Company Limited,IMH_INTERMEDICAL CARE AND LAB,OK,2026-06-03T11:15:34.828302+00:00
IMPACT.BK,IMPACT.BK,IMPACT.BK,16752249856,yfinance.info.marketCap,THB,11.3,1482500000,EQUITY,SET,IMPACT Growth Real Estate Investment Trust,IMPACT_IMPACT GROWTH REAL ESTAT,OK,2026-06-03T11:15:36.913142+00:00
IND.BK,IND.BK,IND.BK,308000000,yfinance.info.marketCap,THB,0.88,350000000,EQUITY,SET,Index International Group Public Company Limited,IND_INDEX INTERNATIONAL GROUP,OK,2026-06-03T11:15:39.580978+00:00
INET.BK,INET.BK,INET.BK,2470504704,yfinance.info.marketCap,THB,4.14,596740267,EQUITY,SET,Internet Thailand Public Company Limited,INET_INTERNET THAILAND,OK,2026-06-03T11:15:42.096984+00:00
INETREIT.BK,INETREIT.BK,INETREIT.BK,9107502080,yfinance.info.marketCap,THB,12.4,734476000,EQUITY,SET,INET Freehold and Leasehold Real Estate Investment Trust,INETREIT_INET FREEHOLD AND,OK,2026-06-03T11:15:44.614833+00:00
INGRS.BK,INGRS.BK,INGRS.BK,520899392,yfinance.info.marketCap,THB,0.36,1446942690,EQUITY,SET,Ingress Industrial (Thailand) Public Company Limited,INGRS_INGRESS INDUSTRIAL,OK,2026-06-03T11:15:47.519615+00:00
INOX.BK,INOX.BK,INOX.BK,3445703424,yfinance.info.marketCap,THB,4.42,779570910,EQUITY,SET,POSCO-Thainox Public Company Limited,INOX_POSCO-THAINOX,OK,2026-06-03T11:15:50.091828+00:00
INSET.BK,INSET.BK,INSET.BK,2733362176,yfinance.info.marketCap,THB,3.4,802530031,EQUITY,SET,Infraset Public Company Limited,INSET_INFRASET,OK,2026-06-03T11:15:52.822480+00:00
INSURE.BK,INSURE.BK,INSURE.BK,690000000,yfinance.info.marketCap,THB,57.5,12000000,EQUITY,SET,Indara Insurance Public Company Limited,INSURE_INDARA INSURANCE,OK,2026-06-03T11:15:54.898298+00:00
IP.BK,IP.BK,IP.BK,2615088128,yfinance.info.marketCap,THB,4.32,605344475,EQUITY,SET,Inter Pharma Public Company Limited,IP_INTER PHARMA,OK,2026-06-03T11:15:57.137515+00:00
IRC.BK,IRC.BK,IRC.BK,2306492416,yfinance.info.marketCap,THB,12,192207700,EQUITY,SET,Inoue Rubber (Thailand) Public Company Limited,IRC_INOUE RUBBER (THAILAND),OK,2026-06-03T11:15:59.598871+00:00
IRCP.BK,IRCP.BK,IRCP.BK,162105168,yfinance.info.marketCap,THB,0.26,623481405,EQUITY,SET,International Research Corporation Public Company Limited,IRCP_INTERNATIONAL RESEARCH,OK,2026-06-03T11:16:02.355305+00:00
IROYAL.BK,IROYAL.BK,IROYAL.BK,1044200000,yfinance.info.marketCap,THB,4.54,230000000,EQUITY,SET,,IROYAL_INTERROYAL ENGINEERING,OK,2026-06-03T11:16:04.809436+00:00
IRPC.BK,IRPC.BK,IRPC.BK,37759594496,yfinance.info.marketCap,THB,1.85,20410590846,EQUITY,SET,IRPC Public Company Limited,IRPC_IRPC,OK,2026-06-03T11:16:07.753347+00:00
ISSARA.BK,ISSARA.BK,ISSARA.BK,672514496,yfinance.info.marketCap,THB,6.65,100000000,EQUITY,SET,Issara Real Estate Investment Trust,ISSARA_ISSARA REAL ESTATE,OK,2026-06-03T11:16:10.111838+00:00
IT.BK,IT.BK,IT.BK,2125113344,yfinance.info.marketCap,THB,5.8,366398859,EQUITY,SET,IT City Public Company Limited,IT_IT CITY,OK,2026-06-03T11:16:12.860264+00:00
ITC.BK,ITC.BK,ITC.BK,48899997696,yfinance.info.marketCap,THB,16.3,3000000000,EQUITY,SET,i-Tail Corporation Public Company Limited,ITC_I-TAIL CORPORATION,OK,2026-06-03T11:16:15.911117+00:00
ITD.BK,ITD.BK,ITD.BK,2006350208,yfinance.info.marketCap,THB,0.38,5279868944,EQUITY,SET,Italian-Thai Development Public Company Limited,ITD_ITALIAN-THAI DEVELOPMENT,OK,2026-06-03T11:16:18.943389+00:00
ITEL.BK,ITEL.BK,ITEL.BK,2803532288,yfinance.info.marketCap,THB,1.39,2016929798,EQUITY,SET,Interlink Telecom Public Company Limited,ITEL_INTERLINK TELECOM,OK,2026-06-03T11:16:21.849125+00:00
ITNS.BK,ITNS.BK,ITNS.BK,363660000,yfinance.info.marketCap,THB,1.74,209000000,EQUITY,SET,International Network System Public Company Limited,ITNS_INTERNATIONAL NETWORK,OK,2026-06-03T11:16:24.338047+00:00
ITTHI.BK,ITTHI.BK,ITTHI.BK,318836000,yfinance.info.marketCap,THB,1.18,270200000,EQUITY,SET,Itthirit Nice Corporation Public Company Limited,ITTHI_ITTHIRIT NICE CORPORATION,OK,2026-06-03T11:16:26.986176+00:00
IVF.BK,IVF.BK,IVF.BK,272800000,yfinance.info.marketCap,THB,0.62,440000000,EQUITY,SET,,IVF_INSPIRE IVF,OK,2026-06-03T11:16:29.628370+00:00
IVL.BK,IVL.BK,IVL.BK,1.34188E+11,yfinance.info.marketCap,THB,23.9,5614552000,EQUITY,SET,Indorama Ventures Public Company Limited,IVL_INDORAMA VENTURES,OK,2026-06-03T11:16:32.523702+00:00
J.BK,J.BK,J.BK,861831168,yfinance.info.marketCap,THB,0.59,1460730937,EQUITY,SET,JAS Asset Public Company Limited,J_JAS ASSET,OK,2026-06-03T11:16:35.169591+00:00
JAK.BK,JAK.BK,JAK.BK,236800000,yfinance.info.marketCap,THB,0.74,320000000,EQUITY,SET,Jakpaisan Estate Public Company Limited,JAK_JAKPAISAN ESTATE,OK,2026-06-03T11:16:37.625129+00:00
JAS.BK,JAS.BK,JAS.BK,9121282048,yfinance.info.marketCap,THB,1.1,8292074705,EQUITY,SET,Jasmine International Public Company Limited,JAS_JASMINE INTERNATIONAL,OK,2026-06-03T11:16:40.372273+00:00
JCK.BK,JCK.BK,JCK.BK,532384640,yfinance.info.marketCap,THB,0.14,3802747351,EQUITY,SET,JCK International Public Company Limited,JCK_JCK INTERNATIONAL,OK,2026-06-03T11:16:42.766165+00:00
JCKH.BK,JCKH.BK,JCKH.BK,,,,,291595209,,,,,NO_MARKET_CAP_RETURNED,2026-06-03T11:16:45.690994+00:00
JCT.BK,JCT.BK,JCT.BK,1117124992,yfinance.info.marketCap,THB,82.75,13500000,EQUITY,SET,Jack Chia Industries (Thailand) Public Company Limited,JCT_JACK CHIA INDUSTRIES,OK,2026-06-03T11:16:48.814365+00:00
JDF.BK,JDF.BK,JDF.BK,1194000000,yfinance.info.marketCap,THB,1.99,600000000,EQUITY,SET,JD Food Public Company Limited,JDF_JD FOOD,OK,2026-06-03T11:16:51.201700+00:00
JKN.BK,JKN.BK,JKN.BK,,,,,1031695852,,,,,NO_MARKET_CAP_RETURNED,2026-06-03T11:16:53.442807+00:00
JMART.BK,JMART.BK,JMART.BK,13541737472,yfinance.info.marketCap,THB,9.25,1463971640,EQUITY,SET,Jaymart Group Holdings Public Company Limited,JMART_JAYMART GROUP HOLDINGS,OK,2026-06-03T11:16:56.128103+00:00
JMT.BK,JMT.BK,JMT.BK,16203109376,yfinance.info.marketCap,THB,11.1,1459739581,EQUITY,SET,JMT Network Services Public Company Limited,JMT_JMT NETWORK SERVICES,OK,2026-06-03T11:16:58.620947+00:00
JPARK.BK,JPARK.BK,JPARK.BK,1280000000,yfinance.info.marketCap,THB,3.2,400000000,EQUITY,SET,Jenkongklai Public Company Limited,JPARK_JENKONGKLAI,OK,2026-06-03T11:17:01.077469+00:00
JR.BK,JR.BK,JR.BK,1276800000,yfinance.info.marketCap,THB,1.68,760000000,EQUITY,SET,J.R.W. Utility Public Company Limited,JR_J.R.W. UTILITY,OK,2026-06-03T11:17:03.308391+00:00
JSP.BK,JSP.BK,JSP.BK,868472192,yfinance.info.marketCap,THB,1.83,474574934,EQUITY,SET,"JSP Pharmaceutical Manufacturing (Thailand) Public Co., Ltd.",JSP_JSP PHARMACEUTICAL,OK,2026-06-03T11:17:05.676099+00:00
JTS.BK,JTS.BK,JTS.BK,27250511872,yfinance.info.marketCap,THB,39,698731100,EQUITY,SET,Jasmine Technology Solution Public Company Limited,JTS_JASMINE TECHNOLOGY SOLUTION,OK,2026-06-03T11:17:08.084333+00:00
JUBILE.BK,JUBILE.BK,JUBILE.BK,1254766464,yfinance.info.marketCap,THB,7.2,174273125,EQUITY,SET,Jubilee Enterprise Public Company Limited,JUBILE_JUBILEE ENTERPRISE,OK,2026-06-03T11:17:10.320504+00:00
K.BK,K.BK,K.BK,505208384,yfinance.info.marketCap,THB,1,505208400,EQUITY,SET,Kingsmen C.M.T.I. Public Company Limited,K_KINGSMEN C.M.T.I.,OK,2026-06-03T11:17:12.476539+00:00
KAMART.BK,KAMART.BK,KAMART.BK,9423300608,yfinance.info.marketCap,THB,7.4,1273418973,EQUITY,SET,Karmarts Public Company Limited,KAMART_KARMARTS,OK,2026-06-03T11:17:14.895604+00:00
KASET.BK,KASET.BK,KASET.BK,215680464,yfinance.info.marketCap,THB,0.72,299556200,EQUITY,SET,Thai Ha Public Company Limited,KASET_THAI HA,OK,2026-06-03T11:17:17.920656+00:00
KBANK.BK,KBANK.BK,KBANK.BK,4.83343E+11,yfinance.info.marketCap,THB,204,2369327593,EQUITY,SET,Kasikornbank Public Company Limited,KBANK_KASIKORNBANK,OK,2026-06-03T11:17:20.414831+00:00
KBS.BK,KBS.BK,KBS.BK,3380583680,yfinance.info.marketCap,THB,5.65,598333400,EQUITY,SET,Khonburi Sugar Public Company Limited,KBS_KHONBURI SUGAR,OK,2026-06-03T11:17:22.609394+00:00
KBSPIF.BK,KBSPIF.BK,KBSPIF.BK,,,THB,9.25,,EQUITY,SET,Khonburi Sugar Power Plant Infrastructure Fund,KBSPIF_KHONBURI SUGAR POWER,NO_MARKET_CAP_RETURNED,2026-06-03T11:17:25.115534+00:00
KC.BK,KC.BK,KC.BK,103509736,yfinance.info.marketCap,THB,0.02,5175487222,EQUITY,SET,K.C. Property Public Company Limited,KC_K.C. PROPERTY,OK,2026-06-03T11:17:27.410640+00:00
KCAR.BK,KCAR.BK,KCAR.BK,1200000000,yfinance.info.marketCap,THB,4.8,250000000,EQUITY,SET,Krungthai Car Rent and Lease Public Company Limited,KCAR_KRUNGTHAI CAR RENT AND,OK,2026-06-03T11:17:29.910450+00:00
KCC.BK,KCC.BK,KCC.BK,1855003008,yfinance.info.marketCap,THB,3,618334317,EQUITY,SET,Knight Club Capital Holding Public Company Limited,KCC_KNIGHT CLUB CAPITAL HOLDING,OK,2026-06-03T11:17:32.831625+00:00
KCE.BK,KCE.BK,KCE.BK,46988021760,yfinance.info.marketCap,THB,39.75,1182088596,EQUITY,SET,KCE Electronics Public Company Limited,KCE_KCE ELECTRONICS,OK,2026-06-03T11:17:35.841217+00:00
KCG.BK,KCG.BK,KCG.BK,5232000000,yfinance.info.marketCap,THB,9.6,545000000,EQUITY,SET,KCG Corporation Public Company Limited,KCG_KCG CORPORATION,OK,2026-06-03T11:17:38.511623+00:00
KCM.BK,KCM.BK,KCM.BK,183600000,yfinance.info.marketCap,THB,0.27,680000000,EQUITY,SET,K.C. Metalsheet Public Company Limited,KCM_K.C. METALSHEET,OK,2026-06-03T11:17:40.593446+00:00
KDH.BK,KDH.BK,KDH.BK,1628274944,yfinance.info.marketCap,THB,84,19384226,EQUITY,SET,Thonburi Medical Centre Public Company Limited,KDH_THONBURI MEDICAL CENTRE,OK,2026-06-03T11:17:43.210968+00:00
KEX.BK,KEX.BK,KEX.BK,,,,,3504970295,,,,,NO_MARKET_CAP_RETURNED,2026-06-03T11:17:45.378326+00:00
KGEN.BK,KGEN.BK,KGEN.BK,3263985664,yfinance.info.marketCap,THB,1.58,2065813635,EQUITY,SET,King Gen Public Company Limited,KGEN_KING GEN,OK,2026-06-03T11:17:48.588982+00:00
KGI.BK,KGI.BK,KGI.BK,8604417024,yfinance.info.marketCap,THB,4.32,1991763130,EQUITY,SET,KGI Securities (Thailand) Public Company Limited,KGI_KGI SECURITIES (THAILAND),OK,2026-06-03T11:17:50.765429+00:00
KIAT.BK,KIAT.BK,KIAT.BK,1000685952,yfinance.info.marketCap,THB,0.34,2943193800,EQUITY,SET,Kiattana Transport Public Company Limited,KIAT_KIATTANA TRANSPORT,OK,2026-06-03T11:17:53.782792+00:00
KISS.BK,KISS.BK,KISS.BK,1977333760,yfinance.info.marketCap,THB,3.38,585010000,EQUITY,SET,Rojukiss International Public Company Limited,KISS_ROJUKISS INTERNATIONAL,OK,2026-06-03T11:17:56.311051+00:00
KJL.BK,KJL.BK,KJL.BK,1426786432,yfinance.info.marketCap,THB,6.15,231997800,EQUITY,SET,Kijcharoen Engineering Electric Public Company Limited,KJL_KIJCHAROEN ENGINEERING,OK,2026-06-03T11:17:59.282172+00:00
KK.BK,KK.BK,KK.BK,265649968,yfinance.info.marketCap,THB,1.1,241499962,EQUITY,SET,K&K Superstore Southern Public Company Limited,KK_K&K SUPERSTORE SOUTHERN,OK,2026-06-03T11:18:02.365301+00:00
KKC.BK,KKC.BK,KKC.BK,60000000,yfinance.info.marketCap,THB,0.04,1500000000,EQUITY,SET,Kulthorn Kirby Public Company Limited,KKC_KULTHORN KIRBY,OK,2026-06-03T11:18:05.207816+00:00
KKP.BK,KKP.BK,KKP.BK,75550359552,yfinance.info.marketCap,THB,90.5,834810579,EQUITY,SET,Kiatnakin Phatra Bank Public Company Limited,KKP_KIATNAKIN PHATRA BANK,OK,2026-06-03T11:18:08.237285+00:00
KLINIQ.BK,KLINIQ.BK,KLINIQ.BK,5775000064,yfinance.info.marketCap,THB,26.25,220000000,EQUITY,SET,The Klinique Medical Clinic Public Company Limited,KLINIQ_THE KLINIQUE MEDICAL,OK,2026-06-03T11:18:10.394829+00:00
KOOL.BK,KOOL.BK,KOOL.BK,659169984,yfinance.info.marketCap,THB,0.29,2273000000,EQUITY,SET,CL Venture Public Company Limited,KOOL_CL VENTURE,OK,2026-06-03T11:18:12.799899+00:00
KPNREIT.BK,KPNREIT.BK,KPNREIT.BK,363600000,yfinance.info.marketCap,THB,2.02,180000000,EQUITY,SET,KPN Real Estate Investment Trust,KPNREIT_KPN REAL ESTATE,OK,2026-06-03T11:18:15.530876+00:00
KSL.BK,KSL.BK,KSL.BK,6703554048,yfinance.info.marketCap,THB,1.52,4410232619,EQUITY,SET,Khon Kaen Sugar Industry Public Company Limited,KSL_KHON KAEN SUGAR INDUSTRY,OK,2026-06-03T11:18:18.112808+00:00
KTB.BK,KTB.BK,KTB.BK,4.92656E+11,yfinance.info.marketCap,THB,35.25,13976061250,EQUITY,SET,Krung Thai Bank Public Company Limited,KTB_KRUNG THAI BANK,OK,2026-06-03T11:18:20.624200+00:00
KTBSTMR.BK,KTBSTMR.BK,KTBSTMR.BK,1763774976,yfinance.info.marketCap,THB,5.85,301500000,EQUITY,SET,KTBST Mixed Freehold and Leasehold Real Estate Investment Trust,KTBSTMR_KTBST MIXED FREEHOLD AN,OK,2026-06-03T11:18:23.140012+00:00
KTC.BK,KTC.BK,KTC.BK,79283765248,yfinance.info.marketCap,THB,30.75,2578334070,EQUITY,SET,Krungthai Card Public Company Limited,KTC_KRUNGTHAI CARD,OK,2026-06-03T11:18:25.675195+00:00
KTIS.BK,KTIS.BK,KTIS.BK,7449799680,yfinance.info.marketCap,THB,1.93,3860000010,EQUITY,SET,Kaset Thai International Sugar Corporation Public Company Limited,KTIS_KASET THAI INTERNATIONAL,OK,2026-06-03T11:18:28.348670+00:00
KTMS.BK,KTMS.BK,KTMS.BK,351000000,yfinance.info.marketCap,THB,1.17,300000000,EQUITY,SET,KT Medical Service Public Company Limited,KTMS_KT MEDICAL SERVICE,OK,2026-06-03T11:18:31.026070+00:00
KUMWEL.BK,KUMWEL.BK,KUMWEL.BK,851400000,yfinance.info.marketCap,THB,1.98,430000000,EQUITY,SET,Kumwell Corporation Public Company Limited,KUMWEL_KUMWELL CORPORATION,OK,2026-06-03T11:18:33.093235+00:00
KUN.BK,KUN.BK,KUN.BK,475242848,yfinance.info.marketCap,THB,0.58,819384274,EQUITY,SET,Villa Kunalai Public Company Limited,KUN_VILLA KUNALAI,OK,2026-06-03T11:18:36.048800+00:00
KWC.BK,KWC.BK,KWC.BK,1626000000,yfinance.info.marketCap,THB,271,6000000,EQUITY,SET,Krungdhep Sophon Public Company Limited,KWC_KRUNGDHEP SOPHON,OK,2026-06-03T11:18:38.660953+00:00
KWI.BK,KWI.BK,KWI.BK,116058992,yfinance.info.marketCap,THB,0.04,2901474844,EQUITY,SET,KWI Public Company Limited,KWI_KWI,OK,2026-06-03T11:18:40.776899+00:00
KWM.BK,KWM.BK,KWM.BK,381065472,yfinance.info.marketCap,THB,0.78,488545493,EQUITY,SET,K.W. Metal Work Public Company Limited,KWM_K. W. METAL WORK,OK,2026-06-03T11:18:43.177395+00:00
KYE.BK,KYE.BK,KYE.BK,5920200192,yfinance.info.marketCap,THB,299,19800000,EQUITY,SET,Kang Yong Electric Public Company Limited,KYE_KANG YONG ELECTRIC,OK,2026-06-03T11:18:45.927857+00:00
L&E.BK,L&E.BK,L&E.BK,575686800,regularMarketPrice x sharesOutstanding,THB,1.17,492040000,EQUITY,SET,Lighting and Equipment Public Company Limited,L&E_LIGHTING & EQUIPMENT,OK,2026-06-03T11:18:48.450091+00:00
LALIN.BK,LALIN.BK,LALIN.BK,4032997632,yfinance.info.marketCap,THB,4.36,924999441,EQUITY,SET,Lalin Property Public Company Limited,LALIN_LALIN PROPERTY,OK,2026-06-03T11:18:50.830078+00:00
LANNA.BK,LANNA.BK,LANNA.BK,7454995456,yfinance.info.marketCap,THB,14.2,524999679,EQUITY,SET,Lanna Resources Public Company Limited,LANNA_THE LANNA RESOURCES,OK,2026-06-03T11:18:53.695555+00:00
LDC.BK,LDC.BK,LDC.BK,150000000,yfinance.info.marketCap,THB,0.25,600000000,EQUITY,SET,LDC Dental Public Company Limited,LDC_LDC DENTAL,OK,2026-06-03T11:18:56.746375+00:00
LEE.BK,LEE.BK,LEE.BK,2191810816,yfinance.info.marketCap,THB,2.46,890980050,EQUITY,SET,Lee Feed Mill Public Company Limited,LEE_LEE FEED MILL,OK,2026-06-03T11:18:58.965210+00:00
LEO.BK,LEO.BK,LEO.BK,614371328,yfinance.info.marketCap,THB,1.95,315062200,EQUITY,SET,Leo Global Logistics Public Company Limited,LEO_LEO GLOBAL LOGISTICS,OK,2026-06-03T11:19:01.734209+00:00
LH.BK,LH.BK,LH.BK,43496960000,yfinance.info.marketCap,THB,3.64,11949713176,EQUITY,SET,Land and Houses Public Company Limited,LH_LAND AND HOUSES,OK,2026-06-03T11:19:04.341539+00:00
LHFG.BK,LHFG.BK,LHFG.BK,24784881664,yfinance.info.marketCap,THB,1.17,21183660594,EQUITY,SET,LH Financial Group Public Company Limited,LHFG_LH FINANCIAL GROUP,OK,2026-06-03T11:19:06.908171+00:00
LHHOTEL.BK,LHHOTEL.BK,LHHOTEL.BK,13531066368,yfinance.info.marketCap,THB,12.9,1048919900,EQUITY,SET,LH Hotel Leasehold Real Estate Investment Trust,LHHOTEL_LH HOTEL LEASEHOLD REAL,OK,2026-06-03T11:19:09.032836+00:00
LHK.BK,LHK.BK,LHK.BK,1386459904,yfinance.info.marketCap,THB,3.62,383000000,EQUITY,SET,Lohakit Metal Public Company Limited,LHK_LOHAKIT METAL,OK,2026-06-03T11:19:11.758718+00:00
LHRREIT.BK,LHRREIT.BK,LHRREIT.BK,1458600064,yfinance.info.marketCap,THB,4.42,330000000,EQUITY,SET,Land And Houses Residential Freehold And Leasehold Real Estate Investment Trust,LHRREIT_LAND AND HOUSES,OK,2026-06-03T11:19:13.915460+00:00
LHSC.BK,LHSC.BK,LHSC.BK,11359745024,yfinance.info.marketCap,THB,14.6,778064700,EQUITY,SET,LH Shopping Centers Leasehold Real Estate Investment Trust,LHSC_LH SHOPPING CENTERS,OK,2026-06-03T11:19:16.321466+00:00
LIT.BK,LIT.BK,LIT.BK,318910528,yfinance.info.marketCap,THB,0.72,442931258,EQUITY,SET,Lease IT Public Company Limited,LIT_LEASE IT,OK,2026-06-03T11:19:18.745438+00:00
LOXLEY.BK,LOXLEY.BK,LOXLEY.BK,3646577408,yfinance.info.marketCap,THB,1.61,2264955000,EQUITY,SET,Loxley Public Company Limited,LOXLEY_LOXLEY,OK,2026-06-03T11:19:21.142898+00:00
LPH.BK,LPH.BK,LPH.BK,2664000000,yfinance.info.marketCap,THB,3.7,720000000,EQUITY,SET,Ladprao General Hospital Public Company Limited,LPH_LADPRAO GENERAL HOSPITAL,OK,2026-06-03T11:19:24.221881+00:00
LPN.BK,LPN.BK,LPN.BK,2153998848,yfinance.info.marketCap,THB,1.55,1386859768,EQUITY,SET,L.P.N. Development Public Company Limited,LPN_L.P.N. DEVELOPMENT,OK,2026-06-03T11:19:26.307878+00:00
LRH.BK,LRH.BK,LRH.BK,5625541120,yfinance.info.marketCap,THB,33.75,166682701,EQUITY,SET,Laguna Resorts & Hotels Public Company Limited,LRH_LAGUNA RESORTS & HOTELS,OK,2026-06-03T11:19:28.914507+00:00
LST.BK,LST.BK,LST.BK,3837599744,yfinance.info.marketCap,THB,4.68,820000000,EQUITY,SET,Lam Soon (Thailand) Public Company Limited,LST_LAM SOON (THAILAND),OK,2026-06-03T11:19:31.563252+00:00
LTS.BK,LTS.BK,LTS.BK,687168000,yfinance.info.marketCap,THB,2.88,238600000,EQUITY,SET,,LTS_LIGHT UP TOTAL SOLUTION,OK,2026-06-03T11:19:33.915635+00:00
LUXF.BK,LUXF.BK,LUXF.BK,1778325000,regularMarketPrice x sharesOutstanding,THB,9.05,196500000,EQUITY,SET,Luxury Real Estate Investment Fund,LUXF_LUXURY REAL ESTATE,OK,2026-06-03T11:19:36.614026+00:00
M.BK,M.BK,M.BK,19156916224,yfinance.info.marketCap,THB,21.2,903628100,EQUITY,SET,MK Restaurant Group Public Company Limited,M_MK RESTAURANT GROUP,OK,2026-06-03T11:19:38.715492+00:00
MAGURO.BK,MAGURO.BK,MAGURO.BK,2242799872,yfinance.info.marketCap,THB,17.8,126000000,EQUITY,SET,Maguro Group Public Company Limited,MAGURO_MAGURO GROUP,OK,2026-06-03T11:19:41.357936+00:00
MAJOR.BK,MAJOR.BK,MAJOR.BK,4571063808,yfinance.info.marketCap,THB,6.7,682248302,EQUITY,SET,Major Cineplex Group Public Company Limited,MAJOR_MAJOR CINEPLEX GROUP,OK,2026-06-03T11:19:43.776812+00:00
MALEE.BK,MALEE.BK,MALEE.BK,2281156608,yfinance.info.marketCap,THB,4.18,545731275,EQUITY,SET,Malee Group Public Company Limited,MALEE_MALEE GROUP,OK,2026-06-03T11:19:46.859411+00:00
MANRIN.BK,MANRIN.BK,MANRIN.BK,618828352,yfinance.info.marketCap,THB,23,26905580,EQUITY,SET,Mandarin Hotel Public Company Limited,MANRIN_THE MANDARIN HOTEL,OK,2026-06-03T11:19:49.708574+00:00
MASTER.BK,MASTER.BK,MASTER.BK,2639977728,yfinance.info.marketCap,THB,8.75,301711736,EQUITY,SET,Master Style Public Company Limited,MASTER_MASTER STYLE,OK,2026-06-03T11:19:51.911871+00:00
MATCH.BK,MATCH.BK,MATCH.BK,656568128,yfinance.info.marketCap,THB,0.84,781628733,EQUITY,SET,Matching Maximize Solution Public Company Limited,MATCH_MATCHING MAXIMIZE SOLUTIO,OK,2026-06-03T11:19:54.787270+00:00
MATI.BK,MATI.BK,MATI.BK,570875520,yfinance.info.marketCap,THB,3.08,185349200,EQUITY,SET,Matichon Public Company Limited,MATI_MATICHON,OK,2026-06-03T11:19:57.974179+00:00
MBAX.BK,MBAX.BK,MBAX.BK,371714080,yfinance.info.marketCap,THB,1.87,198777585,EQUITY,SET,Multibax Public Company Limited,MBAX_MULTIBAX,OK,2026-06-03T11:20:01.103822+00:00
MBK.BK,MBK.BK,MBK.BK,26135095296,yfinance.info.marketCap,THB,18.7,1397598626,EQUITY,SET,MBK Public Company Limited,MBK_MBK,OK,2026-06-03T11:20:03.562200+00:00
MC.BK,MC.BK,MC.BK,8870400000,yfinance.info.marketCap,THB,11.2,792000000,EQUITY,SET,MC Group Public Company Limited,MC_MC GROUP,OK,2026-06-03T11:20:05.773573+00:00
MCA.BK,MCA.BK,MCA.BK,264500000,yfinance.info.marketCap,THB,1.15,230000000,EQUITY,SET,,MCA_MARKET CONNECTIONS ASIA,OK,2026-06-03T11:20:08.686605+00:00
M-CHAI.BK,M-CHAI.BK,M-CHAI.BK,3024000000,yfinance.info.marketCap,THB,18.9,160000000,EQUITY,SET,Mahachai Hospital Public Company Limited,M-CHAI_MAHACHAI HOSPITAL,OK,2026-06-03T11:20:11.454042+00:00
MCOT.BK,MCOT.BK,MCOT.BK,4122595328,yfinance.info.marketCap,THB,6,687099210,EQUITY,SET,MCOT Public Company Limited,MCOT_MCOT,OK,2026-06-03T11:20:14.411343+00:00
MCS.BK,MCS.BK,MCS.BK,3553649920,yfinance.info.marketCap,THB,7.45,477000000,EQUITY,SET,M.C.S. Steel Public Company Limited,MCS_M.C.S.STEEL,OK,2026-06-03T11:20:17.455600+00:00
MDX.BK,MDX.BK,MDX.BK,1265077888,yfinance.info.marketCap,THB,2.66,475593142,EQUITY,SET,MDX Public Company Limited,MDX_M.D.X.,OK,2026-06-03T11:20:20.134567+00:00
MEB.BK,MEB.BK,MEB.BK,3630000128,yfinance.info.marketCap,THB,12.1,300000000,EQUITY,SET,MEB Corporation Public Company Limited,MEB_MEB CORPORATION,OK,2026-06-03T11:20:22.968010+00:00
MEDEZE.BK,MEDEZE.BK,MEDEZE.BK,6621599744,yfinance.info.marketCap,THB,6.2,1068000000,EQUITY,SET,,MEDEZE_MEDEZE GROUP,OK,2026-06-03T11:20:25.635604+00:00
MEGA.BK,MEGA.BK,MEGA.BK,30951366656,yfinance.info.marketCap,THB,35.5,871869508,EQUITY,SET,Mega Lifesciences Public Company Limited,MEGA_MEGA LIFESCIENCES,OK,2026-06-03T11:20:28.637700+00:00
MENA.BK,MENA.BK,MENA.BK,462420000,yfinance.info.marketCap,THB,0.63,734000000,EQUITY,SET,Mena Transport Public Company Limited,MENA_MENA TRANSPORT,OK,2026-06-03T11:20:31.178832+00:00
META.BK,META.BK,META.BK,122779632,yfinance.info.marketCap,THB,0.04,3069491060,EQUITY,SET,Meta Corporation Public Company Limited,META_META CORPORATION,OK,2026-06-03T11:20:33.602330+00:00
METCO.BK,METCO.BK,METCO.BK,5997726208,yfinance.info.marketCap,THB,287,20898000,EQUITY,SET,Muramoto Electron (Thailand) Public Company Limited,METCO_MURAMOTO ELECTRON,OK,2026-06-03T11:20:36.144881+00:00
MFC.BK,MFC.BK,MFC.BK,2386698496,yfinance.info.marketCap,THB,19,125615708,EQUITY,SET,MFC Asset Management Public Company Limited,MFC_MFC ASSET MANAGEMENT,OK,2026-06-03T11:20:38.560468+00:00
MFEC.BK,MFEC.BK,MFEC.BK,2582503424,yfinance.info.marketCap,THB,5.85,441453555,EQUITY,SET,MFEC Public Company Limited,MFEC_MFEC,OK,2026-06-03T11:20:40.851513+00:00
MGC.BK,MGC.BK,MGC.BK,6849869824,yfinance.info.marketCap,THB,6.15,1113800000,EQUITY,SET,Millennium Group Corporation (Asia) Public Company Limited,MGC_MILLENNIUM GROUP,OK,2026-06-03T11:20:43.145153+00:00
MGI.BK,MGI.BK,MGI.BK,1041600000,yfinance.info.marketCap,THB,4.96,210000000,EQUITY,SET,,MGI_MISS GRAND INTERNATIONAL,OK,2026-06-03T11:20:45.717791+00:00
MGT.BK,MGT.BK,MGT.BK,768000000,yfinance.info.marketCap,THB,1.92,400000000,EQUITY,SET,Megachem (Thailand) Public Company Limited,MGT_MEGACHEM (THAILAND),OK,2026-06-03T11:20:48.598808+00:00
MICRO.BK,MICRO.BK,MICRO.BK,972399936,yfinance.info.marketCap,THB,1.04,935000000,EQUITY,SET,Micro Leasing Public Company Limited,MICRO_MICRO LEASING,OK,2026-06-03T11:20:51.007045+00:00
MIDA.BK,MIDA.BK,MIDA.BK,751229504,yfinance.info.marketCap,THB,0.3,2504098232,EQUITY,SET,Mida Assets Public Company Limited,MIDA_MIDA ASSETS,OK,2026-06-03T11:20:53.652688+00:00
MII.BK,MII.BK,MII.BK,997600064,yfinance.info.marketCap,THB,5.8,172000000,EQUITY,SET,MFC Industrial Investment Property and Leasehold Fund,MII_MFC INDUSTRIAL INVESTMENT,OK,2026-06-03T11:20:55.836906+00:00
MILL.BK,MILL.BK,MILL.BK,568253632,yfinance.info.marketCap,THB,0.06,9470894572,EQUITY,SET,Millcon Steel Public Company Limited,MILL_MILLCON STEEL,OK,2026-06-03T11:20:58.159028+00:00
MINT.BK,MINT.BK,MINT.BK,1.24303E+11,yfinance.info.marketCap,THB,22.1,5624574578,EQUITY,SET,Minor International Public Company Limited,MINT_MINOR INTERNATIONAL,OK,2026-06-03T11:21:01.220595+00:00
MIPF.BK,MIPF.BK,MIPF.BK,1738499968,yfinance.info.marketCap,THB,9.15,190000000,EQUITY,SET,Millionaire Property Fund,MIPF_MILLIONAIRE PROPERTY FUND,OK,2026-06-03T11:21:03.696116+00:00
MIT.BK,MIT.BK,MIT.BK,,,,,97500000,NONE,,,,NO_MARKET_CAP_RETURNED,2026-06-03T11:21:06.480638+00:00
MITSIB.BK,MITSIB.BK,MITSIB.BK,754951360,yfinance.info.marketCap,THB,0.55,1372638829,EQUITY,SET,Mitsib Leasing Public Company Limited,MITSIB_MITSIB LEASING,OK,2026-06-03T11:21:09.633827+00:00
MJD.BK,MJD.BK,MJD.BK,266727712,yfinance.info.marketCap,THB,0.31,860411939,EQUITY,SET,Major Development Public Company Limited,MJD_MAJOR DEVELOPMENT,OK,2026-06-03T11:21:12.141183+00:00
MJLF.BK,MJLF.BK,MJLF.BK,1880999936,yfinance.info.marketCap,THB,5.7,330000000,EQUITY,SET,Major Cineplex Lifestyle Leasehold Property Fund.,MJLF_MAJOR CINEPLEX LIFESTYLE,OK,2026-06-03T11:21:14.336573+00:00
MK.BK,MK.BK,MK.BK,740588096,yfinance.info.marketCap,THB,0.52,1424207839,EQUITY,SET,M.K. Real Estate Development Public Company Limited,MK_M.K. REAL ESTATE DEVELOPMENT,OK,2026-06-03T11:21:17.002712+00:00
ML.BK,ML.BK,ML.BK,1054149760,yfinance.info.marketCap,THB,0.99,1064797719,EQUITY,SET,Mida Leasing Public Company Limited,ML_MIDA LEASING,OK,2026-06-03T11:21:19.343644+00:00
MNIT.BK,MNIT.BK,MNIT.BK,262200000,yfinance.info.marketCap,THB,1.9,138000000,EQUITY,SET,MFC-Nichada Thani Property Fund 2,MNIT_MFC-NICHADA THANI PROPERTY,OK,2026-06-03T11:21:21.936828+00:00
MNIT2.BK,MNIT2.BK,MNIT2.BK,,,THB,5.35,,EQUITY,SET,MFC-Nichada Thani Property Fund 2,MNIT2_NICHADA THANI PROPERTY,NO_MARKET_CAP_RETURNED,2026-06-03T11:21:24.741306+00:00
MNRF.BK,MNRF.BK,MNRF.BK,221450000,regularMarketPrice x sharesOutstanding,THB,2.06,107500000,EQUITY,SET,MFC Multi-National Residence Fund,MNRF_MULTI-NATIONAL RESIDENCE,OK,2026-06-03T11:21:26.929001+00:00
MODERN.BK,MODERN.BK,MODERN.BK,1376999936,yfinance.info.marketCap,THB,2.04,675000000,EQUITY,SET,Modernform Group Public Company Limited,MODERN_MODERNFORM GROUP,OK,2026-06-03T11:21:29.956061+00:00
MONO.BK,MONO.BK,MONO.BK,2533869568,yfinance.info.marketCap,THB,0.73,3471054038,EQUITY,SET,Mono Next Public Company Limited,MONO_MONO NEXT,OK,2026-06-03T11:21:32.665984+00:00
MOONG.BK,MOONG.BK,MOONG.BK,793688576,yfinance.info.marketCap,THB,2.4,330703566,EQUITY,SET,Moong Pattana International Public Company Limited,MOONG_MOONG PATTANA,OK,2026-06-03T11:21:35.624994+00:00
MORE.BK,MORE.BK,MORE.BK,430604896,yfinance.info.marketCap,THB,0.06,7176748441,EQUITY,SET,More Return Public Company Limited,MORE_MORE RETURN,OK,2026-06-03T11:21:38.613157+00:00
MOSHI.BK,MOSHI.BK,MOSHI.BK,12539999232,yfinance.info.marketCap,THB,38,329999954,EQUITY,SET,Moshi Moshi Retail Corporation Public Company Limited,MOSHI_MOSHI MOSHI RETAIL,OK,2026-06-03T11:21:41.425337+00:00
M-PAT.BK,M-PAT.BK,M-PAT.BK,,,THB,1.3,,MUTUALFUND,SET,MFC Patong Heritage Property Fund,M-PAT.BK,NO_MARKET_CAP_RETURNED,2026-06-03T11:21:44.003131+00:00
MPJ.BK,MPJ.BK,MPJ.BK,708000000,yfinance.info.marketCap,THB,3.54,200000000,EQUITY,SET,MPJ Logistics Public Company Limited,MPJ_MPJ LOGISTICS,OK,2026-06-03T11:21:46.675435+00:00
MSC.BK,MSC.BK,MSC.BK,2034000000,yfinance.info.marketCap,THB,5.65,360000000,EQUITY,SET,Metro Systems Corporation Public Company Limited,MSC_METRO SYSTEMS CORPORATION,OK,2026-06-03T11:21:49.100351+00:00
MST.BK,MST.BK,MST.BK,4052783104,yfinance.info.marketCap,THB,7.1,570814500,EQUITY,SET,Maybank Securities (Thailand) Public Company Limited,MST_MAYBANK SECURITIES,OK,2026-06-03T11:21:51.567591+00:00
M-STOR.BK,M-STOR.BK,M-STOR.BK,477280000,regularMarketPrice x sharesOutstanding,THB,7.85,60800000,EQUITY,SET,MFC-Strategic Storage Fund,M-STOR_MFC-STRATEGIC STORAGE,OK,2026-06-03T11:21:54.058831+00:00
MTC.BK,MTC.BK,MTC.BK,61480001536,yfinance.info.marketCap,THB,29,2120000000,EQUITY,SET,Muangthai Capital Public Company Limited,MTC_MUANGTHAI CAPITAL,OK,2026-06-03T11:21:56.781898+00:00
MTI.BK,MTI.BK,MTI.BK,9027000320,yfinance.info.marketCap,THB,15.3,590000000,EQUITY,SET,Muang Thai Insurance Public Company Limited,MTI_MUANG THAI INSURANCE,OK,2026-06-03T11:21:59.856154+00:00
MTW.BK,MTW.BK,MTW.BK,694615168,yfinance.info.marketCap,THB,0.79,879259621,EQUITY,SET,Make To Win Holding Public Company Limited,MTW_MAKE TO WIN HOLDING,OK,2026-06-03T11:22:02.552233+00:00
MUD.BK,MUD.BK,MUD.BK,674167488,yfinance.info.marketCap,THB,0.64,1053386750,EQUITY,SET,Mud & Hound Public Company Limited,MUD_MUD & HOUND,OK,2026-06-03T11:22:04.774208+00:00
MVP.BK,MVP.BK,MVP.BK,40471116,yfinance.info.marketCap,THB,0.12,337259285,EQUITY,SET,M Vision Public Company Limited,MVP_M VISION,OK,2026-06-03T11:22:06.998048+00:00
NAM.BK,NAM.BK,NAM.BK,2492000000,yfinance.info.marketCap,THB,3.56,700000000,EQUITY,SET,,NAM_NAMWIWAT MEDICAL CORPORATIO,OK,2026-06-03T11:22:09.318352+00:00
NAT.BK,NAT.BK,NAT.BK,583905984,yfinance.info.marketCap,THB,1.81,322600000,EQUITY,SET,,NAT_NAT ABSOLUTE TECHNOLOGIES,OK,2026-06-03T11:22:12.092850+00:00
NATION.BK,NATION.BK,NATION.BK,707751488,yfinance.info.marketCap,THB,0.04,17693787256,EQUITY,SET,Nation Group (Thailand) Public Company Limited,NATION_NATION GROUP (THAILAND),OK,2026-06-03T11:22:14.787802+00:00
NC.BK,NC.BK,NC.BK,274499808,yfinance.info.marketCap,THB,1.8,152499896,EQUITY,SET,Newcity (Bangkok) Public Company Limited,NC_NEWCITY (BANGKOK),OK,2026-06-03T11:22:17.289178+00:00
NCAP.BK,NCAP.BK,NCAP.BK,3725999872,yfinance.info.marketCap,THB,2.76,1350000052,EQUITY,SET,Next Capital Public Company Limited,NCAP_NEXT CAPITAL,OK,2026-06-03T11:22:20.018183+00:00
NCH.BK,NCH.BK,NCH.BK,473207808,yfinance.info.marketCap,THB,0.38,1245283691,EQUITY,SET,N.C. Housing Public Company Limited,NCH_N. C. HOUSING,OK,2026-06-03T11:22:22.350077+00:00
NCL.BK,NCL.BK,NCL.BK,136654448,yfinance.info.marketCap,THB,0.19,719233993,EQUITY,SET,NCL International Logistics Public Company Limited,NCL_NCL INTERNATIONAL LOGISTICS,OK,2026-06-03T11:22:25.009577+00:00
NCP.BK,NCP.BK,NCP.BK,201600000,yfinance.info.marketCap,THB,1.12,180000000,EQUITY,SET,Nice Call Public Company Limited,NCP_NICE CALL,OK,2026-06-03T11:22:27.591815+00:00
NDR.BK,NDR.BK,NDR.BK,996023744,yfinance.info.marketCap,THB,2.18,456891630,EQUITY,SET,N.D. Rubber Public Company Limited,NDR_N.D. RUBBER,OK,2026-06-03T11:22:29.848290+00:00
NEO.BK,NEO.BK,NEO.BK,5070000128,yfinance.info.marketCap,THB,16.9,300000000,EQUITY,SET,,NEO_NEO CORPORATE,OK,2026-06-03T11:22:32.409158+00:00
NEP.BK,NEP.BK,NEP.BK,465076128,yfinance.info.marketCap,THB,0.2,2325380588,EQUITY,SET,NEP Realty and Industry Public Company Limited,NEP_NEP REALTY AND INDUSTRY,OK,2026-06-03T11:22:35.562793+00:00
NER.BK,NER.BK,NER.BK,8204300800,yfinance.info.marketCap,THB,4.44,1847815475,EQUITY,SET,North East Rubber Public Company Limited,NER_NORTH EAST RUBBER,OK,2026-06-03T11:22:37.744372+00:00
NETBAY.BK,NETBAY.BK,NETBAY.BK,1910000000,yfinance.info.marketCap,THB,9.55,200000000,EQUITY,SET,Netbay Public Company Limited,NETBAY_NETBAY,OK,2026-06-03T11:22:40.538210+00:00
NEW.BK,NEW.BK,NEW.BK,1200000000,yfinance.info.marketCap,THB,120,10000000,EQUITY,SET,Wattana Karnpaet Public Company Limited,NEW_WATTANA KARNPAET,OK,2026-06-03T11:22:43.581809+00:00
NEWS.BK,NEWS.BK,NEWS.BK,,,,,1.83645E+11,,,,,NO_MARKET_CAP_RETURNED,2026-06-03T11:22:46.424583+00:00
NEX.BK,NEX.BK,NEX.BK,6588339200,yfinance.info.marketCap,THB,1.1,5989399273,EQUITY,SET,Nex Point Public Company Limited,NEX_NEX POINT,OK,2026-06-03T11:22:50.130094+00:00
NFC.BK,NFC.BK,NFC.BK,1338034688,yfinance.info.marketCap,THB,1.23,1087833099,EQUITY,SET,NFC Public Company Limited,NFC_NFC,OK,2026-06-03T11:22:52.597575+00:00
NKI.BK,NKI.BK,NKI.BK,513000000,yfinance.info.marketCap,THB,13.5,38000000,EQUITY,SET,The Navakij Insurance Public Company Limited,NKI_THE NAVAKIJ INSURANCE,OK,2026-06-03T11:22:55.316863+00:00
NKT.BK,NKT.BK,NKT.BK,2107900032,yfinance.info.marketCap,THB,3.94,535000000,EQUITY,SET,Nakornthon Hospital Public Company Limited,NKT_NAKORNTHON HOSPITAL,OK,2026-06-03T11:22:58.373212+00:00
NL.BK,NL.BK,NL.BK,350000000,yfinance.info.marketCap,THB,0.7,500000000,EQUITY,SET,NL Development Public Company Limited,NL_NL DEVELOPMENT,OK,2026-06-03T11:23:00.653116+00:00
NNCL.BK,NNCL.BK,NNCL.BK,3379620352,yfinance.info.marketCap,THB,1.65,2048254862,EQUITY,SET,Nava Nakorn Public Company Limited,NNCL_NAVANAKORN,OK,2026-06-03T11:23:03.282116+00:00
NOBLE.BK,NOBLE.BK,NOBLE.BK,2506027008,yfinance.info.marketCap,THB,1.83,1369413691,EQUITY,SET,Noble Development Public Company Limited,NOBLE_NOBLE DEVELOPMENT,OK,2026-06-03T11:23:05.922926+00:00
NOVA.BK,NOVA.BK,NOVA.BK,853727680,yfinance.info.marketCap,THB,7.45,114594324,EQUITY,SET,Nova Empire Public Company Limited,NOVA_NOVA EMPIRE,OK,2026-06-03T11:23:08.092955+00:00
NPK.BK,NPK.BK,NPK.BK,128000000,yfinance.info.marketCap,THB,12.8,10000000,EQUITY,SET,New Plus Knitting Public Company Limited,NPK_NEW PLUS KNITTING,OK,2026-06-03T11:23:11.105273+00:00
NRF.BK,NRF.BK,NRF.BK,390995040,yfinance.info.marketCap,THB,0.26,1503827121,EQUITY,SET,NR Instant Produce Public Company Limited,NRF_NR INSTANT PRODUCE,OK,2026-06-03T11:23:13.779049+00:00
NSL.BK,NSL.BK,NSL.BK,6360000000,yfinance.info.marketCap,THB,21.2,300000000,EQUITY,SET,NSL Foods Public Company Limited,NSL_NSL FOODS,OK,2026-06-03T11:23:16.447475+00:00
NTSC.BK,NTSC.BK,NTSC.BK,833331328,yfinance.info.marketCap,THB,6.25,133333016,EQUITY,SET,Nutrition SC Public Company Limited,NTSC_NUTRITION SC,OK,2026-06-03T11:23:19.172433+00:00
NTV.BK,NTV.BK,NTV.BK,3056000000,yfinance.info.marketCap,THB,19.1,160000000,EQUITY,SET,Nonthavej Hospital Public Company Limited,NTV_NONTHAVEJ HOSPITAL,OK,2026-06-03T11:23:21.435410+00:00
NV.BK,NV.BK,NV.BK,282232224,yfinance.info.marketCap,THB,0.49,575984100,EQUITY,SET,Nova Organic Public Company Limited,NV_NOVA ORGANIC,OK,2026-06-03T11:23:23.814347+00:00
NVD.BK,NVD.BK,NVD.BK,1037064896,yfinance.info.marketCap,THB,0.56,1851901547,EQUITY,SET,Nirvana Development Public Company Limited,NVD_NIRVANA DEVELOPMENT,OK,2026-06-03T11:23:26.600996+00:00
NWR.BK,NWR.BK,NWR.BK,103419256,yfinance.info.marketCap,THB,0.04,2585481515,EQUITY,SET,Nawarat Patanakarn Public Company Limited,NWR_NAWARAT PATANAKARN,OK,2026-06-03T11:23:28.913590+00:00
NYT.BK,NYT.BK,NYT.BK,4563200000,yfinance.info.marketCap,THB,3.68,1240000000,EQUITY,SET,Namyong Terminal Public Company Limited,NYT_NAMYONG TERMINAL,OK,2026-06-03T11:23:31.635129+00:00
OCC.BK,OCC.BK,OCC.BK,600000000,yfinance.info.marketCap,THB,10,60000000,EQUITY,SET,O.C.C. Public Company Limited,OCC_O.C.C.,OK,2026-06-03T11:23:34.212589+00:00
OGC.BK,OGC.BK,OGC.BK,195176048,yfinance.info.marketCap,THB,9.15,21330715,EQUITY,SET,Ocean Glass Public Company Limited,OGC_OCEAN GLASS,OK,2026-06-03T11:23:36.501351+00:00
OHTL.BK,OHTL.BK,OHTL.BK,3955623680,yfinance.info.marketCap,THB,262,15097800,EQUITY,SET,OHTL Public Company Limited,OHTL_OHTL,OK,2026-06-03T11:23:38.778674+00:00
OKJ.BK,OKJ.BK,OKJ.BK,2350739968,yfinance.info.marketCap,THB,3.86,609000000,EQUITY,SET,,OKJ_PLUK PHAK PRAW RAK MAE,OK,2026-06-03T11:23:41.320704+00:00
ONEE.BK,ONEE.BK,ONEE.BK,6619874816,yfinance.info.marketCap,THB,2.78,2381250000,EQUITY,SET,The ONE Enterprise Public Company Limited,ONEE_THE ONE ENTERPRISE,OK,2026-06-03T11:23:43.632884+00:00
OR.BK,OR.BK,OR.BK,1.5E+11,yfinance.info.marketCap,THB,12.5,12000000000,EQUITY,SET,PTT Oil and Retail Business Public Company Limited,OR_PTT OIL AND RETAIL BUSINESS,OK,2026-06-03T11:23:45.739858+00:00
ORI.BK,ORI.BK,ORI.BK,4172008448,yfinance.info.marketCap,THB,1.7,2454122453,EQUITY,SET,Origin Property Public Company Limited,ORI_ORIGIN PROPERTY,OK,2026-06-03T11:23:48.634995+00:00
ORN.BK,ORN.BK,ORN.BK,1200000000,yfinance.info.marketCap,THB,0.8,1500000000,EQUITY,SET,,ORN_ORNSIRIN HOLDING,OK,2026-06-03T11:23:50.916181+00:00
OSP.BK,OSP.BK,OSP.BK,46558121984,yfinance.info.marketCap,THB,15.5,3003750000,EQUITY,SET,Osotspa Public Company Limited,OSP_OSOTSPA,OK,2026-06-03T11:23:53.381127+00:00
PACO.BK,PACO.BK,PACO.BK,1370000128,yfinance.info.marketCap,THB,1.37,1000000122,EQUITY,SET,President Automobile Industries Public Company Limited,PACO_PRESIDENT AUTOMOBILE,OK,2026-06-03T11:23:56.057991+00:00
PAF.BK,PAF.BK,PAF.BK,442800000,yfinance.info.marketCap,THB,0.82,540000000,EQUITY,SET,Pan Asia Footwear Public Company Limited,PAF_PAN ASIA FOOTWEAR,OK,2026-06-03T11:23:58.595244+00:00
PANEL.BK,PANEL.BK,PANEL.BK,224199984,yfinance.info.marketCap,THB,1.18,190000000,EQUITY,SET,,PANEL_PANELESMATIC SOLUTIONS,OK,2026-06-03T11:24:00.930991+00:00
PAP.BK,PAP.BK,PAP.BK,1663200000,yfinance.info.marketCap,THB,2.52,660000000,EQUITY,SET,Pacific Pipe Public Company Limited,PAP_PACIFIC PIPE,OK,2026-06-03T11:24:03.456796+00:00
PATO.BK,PATO.BK,PATO.BK,875587840,yfinance.info.marketCap,THB,6.15,142372000,EQUITY,SET,Pato Chemical Industry Public Company Limited,PATO_PATO CHEMICAL INDUSTRY,OK,2026-06-03T11:24:06.099102+00:00
PB.BK,PB.BK,PB.BK,21600000000,yfinance.info.marketCap,THB,48,450000000,EQUITY,SET,President Bakery Public Company Limited,PB_PRESIDENT BAKERY,OK,2026-06-03T11:24:09.128222+00:00
PCC.BK,PCC.BK,PCC.BK,3777986816,yfinance.info.marketCap,THB,3.08,1226619100,EQUITY,SET,Precise Corporation Public Company Limited,PCC_PRECISE CORPORATION,OK,2026-06-03T11:24:11.737810+00:00
PCE.BK,PCE.BK,PCE.BK,6160000512,yfinance.info.marketCap,THB,2.24,2750000000,EQUITY,SET,Petchsrivichai Enterprise Public Company Limited,PCE_PETCHSRIVICHAI ENTERPRISE,OK,2026-06-03T11:24:14.706877+00:00
PCSGH.BK,PCSGH.BK,PCSGH.BK,4320999936,yfinance.info.marketCap,THB,2.98,1450000000,EQUITY,SET,P.C.S. Machine Group Holding Public Company Limited,PCSGH_P.C.S. MACHINE GROUP,OK,2026-06-03T11:24:17.061405+00:00
PDG.BK,PDG.BK,PDG.BK,926639744,yfinance.info.marketCap,THB,3.12,296999929,EQUITY,SET,Prodigy Public Company Limited,PDG_PRODIGY,OK,2026-06-03T11:24:19.511337+00:00
PDJ.BK,PDJ.BK,PDJ.BK,569211584,yfinance.info.marketCap,THB,0.96,592928784,EQUITY,SET,Pranda Jewelry Public Company Limited,PDJ_PRANDA JEWELRY,OK,2026-06-03T11:24:22.316576+00:00
PEACE.BK,PEACE.BK,PEACE.BK,801356288,yfinance.info.marketCap,THB,1.59,503997673,EQUITY,SET,Peace & Living Public Company Limited,PEACE_PEACE & LIVING,OK,2026-06-03T11:24:24.659213+00:00
PEER.BK,PEER.BK,PEER.BK,105492648,yfinance.info.marketCap,THB,0.1,1054926479,EQUITY,SET,Peer For You Public Company Limited,PEER_PEER FOR YOU,OK,2026-06-03T11:24:27.128122+00:00
PERM.BK,PERM.BK,PERM.BK,191664672,yfinance.info.marketCap,THB,0.25,766658697,EQUITY,SET,Permsin Steel Works Public Company Limited,PERM_PERMSIN STEEL WORKS,OK,2026-06-03T11:24:29.300560+00:00
PF.BK,PF.BK,PF.BK,400443232,yfinance.info.marketCap,THB,0.04,10011080604,EQUITY,SET,Property Perfect Public Company Limited,PF_PROPERTY PERFECT,OK,2026-06-03T11:24:32.388244+00:00
PG.BK,PG.BK,PG.BK,628800000,yfinance.info.marketCap,THB,6.55,96000000,EQUITY,SET,People's Garment Public Company Limited,PG_PEOPLE'S GARMENT,OK,2026-06-03T11:24:35.290576+00:00
PHG.BK,PHG.BK,PHG.BK,3180000000,yfinance.info.marketCap,THB,10.6,300000000,EQUITY,SET,Patrangsit Healthcare Group Public Company Limited,PHG_PATRANGSIT HEALTHCARE GROUP,OK,2026-06-03T11:24:38.160985+00:00
PHOL.BK,PHOL.BK,PHOL.BK,615600704,yfinance.info.marketCap,THB,3.04,202500232,EQUITY,SET,Phol Dhanya Public Company Limited,PHOL_PHOL DHANYA,OK,2026-06-03T11:24:40.273094+00:00
PICO.BK,PICO.BK,PICO.BK,904237120,yfinance.info.marketCap,THB,4.2,215294559,EQUITY,SET,Pico (Thailand) Public Company Limited,PICO_PICO THAILAND,OK,2026-06-03T11:24:43.377015+00:00
PIMO.BK,PIMO.BK,PIMO.BK,787507392,yfinance.info.marketCap,THB,1.08,729173481,EQUITY,SET,Pioneer Motor Public Company Limited,PIMO_PIONEER MOTOR,OK,2026-06-03T11:24:45.536793+00:00
PIN.BK,PIN.BK,PIN.BK,5057600000,yfinance.info.marketCap,THB,4.36,1160000000,EQUITY,SET,Pinthong Industrial Park Public Company Limited,PIN_PINTHONG INDUSTRIAL PARK,OK,2026-06-03T11:24:48.582112+00:00
PIS.BK,PIS.BK,PIS.BK,2127600000,yfinance.info.marketCap,THB,3.94,540000000,EQUITY,SET,Pro Inside Public Company Limited,PIS_PRO INSIDE,OK,2026-06-03T11:24:51.541222+00:00
PJW.BK,PJW.BK,PJW.BK,1169851136,yfinance.info.marketCap,THB,2.02,579134229,EQUITY,SET,Panjawattana Plastic Public Company Limited,PJW_PANJAWATTANA PLASTIC,OK,2026-06-03T11:24:54.277675+00:00
PK.BK,PK.BK,PK.BK,234340320,yfinance.info.marketCap,THB,0.45,520756281,EQUITY,SET,Patkol Public Company Limited,PK_PATKOL,OK,2026-06-03T11:24:56.668226+00:00
PL.BK,PL.BK,PL.BK,763532544,yfinance.info.marketCap,THB,1.28,596509825,EQUITY,SET,Phatra Leasing Public Company Limited,PL_PHATRA LEASING,OK,2026-06-03T11:24:59.297906+00:00
PLANB.BK,PLANB.BK,PLANB.BK,19229167616,yfinance.info.marketCap,THB,4.18,4600279515,EQUITY,SET,Plan B Media Public Company Limited,PLANB_PLAN B MEDIA,OK,2026-06-03T11:25:01.727820+00:00
PLANET.BK,PLANET.BK,PLANET.BK,573581504,yfinance.info.marketCap,THB,0.87,659289102,EQUITY,SET,Planet Communications Asia Public Company Limited,PLANET_PLANET COMMUNICATIONS,OK,2026-06-03T11:25:04.288227+00:00
PLAT.BK,PLAT.BK,PLAT.BK,3248000000,yfinance.info.marketCap,THB,1.16,2851376147,EQUITY,SET,The Platinum Group Public Company Limited,PLAT_THE PLATINUM GROUP,OK,2026-06-03T11:25:07.321548+00:00
PLE.BK,PLE.BK,PLE.BK,242087488,yfinance.info.marketCap,THB,0.11,1815757276,EQUITY,SET,Power Line Engineering Public Company Limited,PLE_POWER LINE ENGINEERING,OK,2026-06-03T11:25:09.621061+00:00
PLT.BK,PLT.BK,PLT.BK,518400032,yfinance.info.marketCap,THB,0.54,960000000,EQUITY,SET,Pilatus Marine Public Company Limited,PLT_PILATUS MARINE,OK,2026-06-03T11:25:11.994255+00:00
PLUS.BK,PLUS.BK,PLUS.BK,770499968,yfinance.info.marketCap,THB,1.15,670000000,EQUITY,SET,Royal Plus Public Company Limited,PLUS_ROYAL PLUS,OK,2026-06-03T11:25:14.190056+00:00
PM.BK,PM.BK,PM.BK,6027696128,yfinance.info.marketCap,THB,10.8,558120000,EQUITY,SET,Premier Marketing Public Company Limited,PM_PREMIER MARKETING,OK,2026-06-03T11:25:16.729823+00:00
PMC.BK,PMC.BK,PMC.BK,353307776,yfinance.info.marketCap,THB,0.85,415656189,EQUITY,SET,PMC Label Materials Public Company Limited,PMC_PMC LABEL MATERIALS,OK,2026-06-03T11:25:19.614848+00:00
PMTA.BK,PMTA.BK,PMTA.BK,961400000,yfinance.info.marketCap,THB,9.5,101200000,EQUITY,SET,PM Thoresen Asia Holdings Public Company Limited,PMTA_PM THORESEN ASIA HOLDINGS,OK,2026-06-03T11:25:22.253634+00:00
POLY.BK,POLY.BK,POLY.BK,3060000000,yfinance.info.marketCap,THB,6.8,450000000,EQUITY,SET,Polynet Public Company Limited,POLY_POLYNET,OK,2026-06-03T11:25:25.256813+00:00
POPF.BK,POPF.BK,POPF.BK,2684700000,regularMarketPrice x sharesOutstanding,THB,7.85,342000000,EQUITY,SET,Prime Office Leasehold Property Fund,POPF_PRIME OFFICE LEASEHOLD,OK,2026-06-03T11:25:27.633799+00:00
PORT.BK,PORT.BK,PORT.BK,358249568,yfinance.info.marketCap,THB,0.59,607202667,EQUITY,SET,Sahathai Terminal Public Company Limited,PORT_SAHATHAI TERMINAL,OK,2026-06-03T11:25:30.078959+00:00
PPM.BK,PPM.BK,PPM.BK,768041280,yfinance.info.marketCap,THB,1.82,422000713,EQUITY,SET,Porn Prom Metal Public Company Limited,PPM_PORN PROM METAL,OK,2026-06-03T11:25:32.473948+00:00
PPP.BK,PPP.BK,PPP.BK,279000000,yfinance.info.marketCap,THB,0.93,300000000,EQUITY,SET,Premier Products Public Company Limited,PPP_PREMIER PRODUCTS,OK,2026-06-03T11:25:35.093718+00:00
PPPM.BK,PPPM.BK,PPPM.BK,156615616,yfinance.info.marketCap,THB,0.19,824292719,EQUITY,SET,PP Prime Public Company Limited,PPPM_PP PRIME,OK,2026-06-03T11:25:37.293042+00:00
PPS.BK,PPS.BK,PPS.BK,146175376,yfinance.info.marketCap,THB,0.17,859855142,EQUITY,SET,Project Planning Service Public Company Limited,PPS_PROJECT PLANNING SERVICE,OK,2026-06-03T11:25:39.916957+00:00
PQS.BK,PQS.BK,PQS.BK,1152400000,yfinance.info.marketCap,THB,1.72,670000000,EQUITY,SET,Premier Quality Starch Public Company Limited,PQS_PREMIER QUALITY STARCH,OK,2026-06-03T11:25:42.801937+00:00
PR9.BK,PR9.BK,PR9.BK,12895320064,yfinance.info.marketCap,THB,16.4,786300000,EQUITY,SET,Praram 9 Hospital Public Company Limited,PR9_PRARAM 9 HOSPITAL,OK,2026-06-03T11:25:45.219503+00:00
PRAKIT.BK,PRAKIT.BK,PRAKIT.BK,628682752,yfinance.info.marketCap,THB,10.4,60450262,EQUITY,SET,Prakit Holdings Public Company Limited,PRAKIT_PRAKIT HOLDINGS,OK,2026-06-03T11:25:48.107397+00:00
PRAPAT.BK,PRAPAT.BK,PRAPAT.BK,342283872,yfinance.info.marketCap,THB,0.8,427854836,EQUITY,SET,Peerapat Technology Public Company Limited,PRAPAT_PEERAPAT TECHNOLOGY,OK,2026-06-03T11:25:50.303087+00:00
PREB.BK,PREB.BK,PREB.BK,1061846976,yfinance.info.marketCap,THB,3.44,308676462,EQUITY,SET,Pre-Built Public Company Limited,PREB_PRE-BUILT,OK,2026-06-03T11:25:52.748045+00:00
PRECHA.BK,PRECHA.BK,PRECHA.BK,134400000,yfinance.info.marketCap,THB,0.4,336000000,EQUITY,SET,Preecha Group Public Company Limited,PRECHA_PREECHA GROUP,OK,2026-06-03T11:25:55.813257+00:00
PRG.BK,PRG.BK,PRG.BK,6984968192,yfinance.info.marketCap,THB,9.15,763384513,EQUITY,SET,PRG Corporation Public Company Limited,PRG_PRG CORPORATION,OK,2026-06-03T11:25:58.320400+00:00
PRI.BK,PRI.BK,PRI.BK,1113600000,yfinance.info.marketCap,THB,3.48,320000000,EQUITY,SET,Primo Service Solutions Public Company Limited,PRI_PRIMO SERVICE SOLUTIONS,OK,2026-06-03T11:26:01.344403+00:00
PRIME.BK,PRIME.BK,PRIME.BK,255269120,yfinance.info.marketCap,THB,0.06,4254485515,EQUITY,SET,Prime Road Power Public Company Limited,PRIME_PRIME ROAD POWER,OK,2026-06-03T11:26:03.877811+00:00
PRIN.BK,PRIN.BK,PRIN.BK,1634815872,yfinance.info.marketCap,THB,1.34,1220011755,EQUITY,SET,Prinsiri Public Company Limited,PRIN_PRINSIRI,OK,2026-06-03T11:26:06.746658+00:00
PRINC.BK,PRINC.BK,PRINC.BK,6588827136,yfinance.info.marketCap,THB,1.73,3808570502,EQUITY,SET,Principal Capital Public Company Limited,PRINC_PRINCIPAL CAPITAL,OK,2026-06-03T11:26:09.475654+00:00
PRM.BK,PRM.BK,PRM.BK,18639017984,yfinance.info.marketCap,THB,8.6,2167327500,EQUITY,SET,Prima Marine Public Company Limited,PRM_PRIMA MARINE,OK,2026-06-03T11:26:11.927276+00:00
PROEN.BK,PROEN.BK,PROEN.BK,372939648,yfinance.info.marketCap,THB,0.95,392568069,EQUITY,SET,PROEN Corp Public Company Limited,PROEN_PROEN CORP,OK,2026-06-03T11:26:14.084973+00:00
PROS.BK,PROS.BK,PROS.BK,126000000,yfinance.info.marketCap,THB,0.21,600000000,EQUITY,SET,Prosper Engineering Public Company Limited,PROS_PROSPER ENGINEERING,OK,2026-06-03T11:26:16.531026+00:00
PROSPECT.BK,PROSPECT.BK,PROSPECT.BK,5957000192,yfinance.info.marketCap,THB,9.25,644000000,EQUITY,SET,Prospect Logistics and Industrial Freehold and Leasehold Real Estate Investment Trust,PROSPECT_PROSPECT LOGISTICS AND,OK,2026-06-03T11:26:19.138268+00:00
PROUD.BK,PROUD.BK,PROUD.BK,935053440,yfinance.info.marketCap,THB,0.96,974014010,EQUITY,SET,Proud Real Estate Public Company Limited,PROUD_PROUD REAL ESTATE,OK,2026-06-03T11:26:21.744832+00:00
PRTR.BK,PRTR.BK,PRTR.BK,2040000000,yfinance.info.marketCap,THB,3.4,600000000,EQUITY,SET,PRTR Group Public Company Limited,PRTR_PRTR GROUP,OK,2026-06-03T11:26:24.478819+00:00
PSG.BK,PSG.BK,PSG.BK,,,,,4451536859,,,,,NO_MARKET_CAP_RETURNED,2026-06-03T11:26:26.766695+00:00
PSH.BK,PSH.BK,PSH.BK,7573939712,yfinance.info.marketCap,THB,3.46,2189000000,EQUITY,SET,Pruksa Holding Public Company Limited,PSH_PRUKSA HOLDING,OK,2026-06-03T11:26:29.448111+00:00
PSL.BK,PSL.BK,PSL.BK,11283753984,yfinance.info.marketCap,THB,7.6,1484704462,EQUITY,SET,Precious Shipping Public Company Limited,PSL_PRECIOUS SHIPPING,OK,2026-06-03T11:26:32.382705+00:00
PSP.BK,PSP.BK,PSP.BK,6579999744,yfinance.info.marketCap,THB,4.7,1400000000,EQUITY,SET,P.S.P. Specialties Public Company Limited,PSP_P.S.P.SPECIALTIES,OK,2026-06-03T11:26:35.123891+00:00
PSTC.BK,PSTC.BK,PSTC.BK,1004757184,yfinance.info.marketCap,THB,0.29,3464679949,EQUITY,SET,Power Solution Technologies Public Company Limited,PSTC_POWER SOLUTION TECHNOLOGIE,OK,2026-06-03T11:26:37.362481+00:00
PT.BK,PT.BK,PT.BK,3122778112,yfinance.info.marketCap,THB,11,283888942,EQUITY,SET,Premier Technology Public Company Limited,PT_PREMIER TECHNOLOGY,OK,2026-06-03T11:26:39.884326+00:00
PTC.BK,PTC.BK,PTC.BK,246000016,yfinance.info.marketCap,THB,0.6,410000000,EQUITY,SET,Premier Tank Corporation Public Company Limited,PTC_PREMIER TANK CORPORATION,OK,2026-06-03T11:26:42.241398+00:00
PTECH.BK,PTECH.BK,PTECH.BK,470164864,yfinance.info.marketCap,THB,1.28,367316314,EQUITY,SET,Plus Tech Innovation PCL,PTECH_PLUS TECH INNOVATION,OK,2026-06-03T11:26:44.605569+00:00
PTG.BK,PTG.BK,PTG.BK,12107499520,yfinance.info.marketCap,THB,7.25,1670000000,EQUITY,SET,PTG Energy Public Company Limited,PTG_PTG ENERGY,OK,2026-06-03T11:26:47.616707+00:00
PTL.BK,PTL.BK,PTL.BK,9180000256,yfinance.info.marketCap,THB,10.2,900000000,EQUITY,SET,Polyplex (Thailand) Public Company Limited,PTL_POLYPLEX (THAILAND),OK,2026-06-03T11:26:50.541035+00:00
PTT.BK,PTT.BK,PTT.BK,1.03384E+12,yfinance.info.marketCap,THB,36.5,28324335850,EQUITY,SET,PTT Public Company Limited,PTT_PTT,OK,2026-06-03T11:26:53.576576+00:00
PTTEP.BK,PTTEP.BK,PTTEP.BK,5.67708E+11,yfinance.info.marketCap,THB,143,3969985400,EQUITY,SET,PTT Exploration and Production Public Company Limited,PTTEP_PTT EXPLORATION AND,OK,2026-06-03T11:26:55.783939+00:00
PTTGC.BK,PTTGC.BK,PTTGC.BK,1.55555E+11,yfinance.info.marketCap,THB,34.5,4508849117,EQUITY,SET,PTT Global Chemical Public Company Limited,PTTGC_PTT GLOBAL CHEMICAL,OK,2026-06-03T11:26:58.487645+00:00
PYLON.BK,PYLON.BK,PYLON.BK,2564567040,yfinance.info.marketCap,THB,3.42,749873396,EQUITY,SET,Pylon Public Company Limited,PYLON_PYLON,OK,2026-06-03T11:27:01.766835+00:00
Q-CON.BK,Q-CON.BK,Q-CON.BK,2500000000,yfinance.info.marketCap,THB,6.25,400000000,EQUITY,SET,Quality Construction Products Public Company Limited,Q-CON_QUALITY CONSTRUCTION,OK,2026-06-03T11:27:04.160611+00:00
QH.BK,QH.BK,QH.BK,14404476928,yfinance.info.marketCap,THB,1.35,10669982445,EQUITY,SET,Quality Houses Public Company Limited,QH_QUALITY HOUSES,OK,2026-06-03T11:27:07.196593+00:00
QHBREIT.BK,QHBREIT.BK,QHBREIT.BK,3012659968,yfinance.info.marketCap,THB,3.78,797000000,EQUITY,SET,Quality Houses Business Complex Leasehold Real Estate Investment Trust,QHBREIT_QUALITY HOUSES BUSINESS,OK,2026-06-03T11:27:09.849335+00:00
QHHRREIT.BK,QHHRREIT.BK,QHHRREIT.BK,3159000064,yfinance.info.marketCap,THB,7.8,405000000,EQUITY,SET,Quality Houses Hotel And Residence Freehold And Leasehold Reit,QHHRREIT_QUALITY HOUSES HOTEL,OK,2026-06-03T11:27:12.129062+00:00
QHOP.BK,QHOP.BK,QHOP.BK,623638016,yfinance.info.marketCap,THB,3.26,191300000,EQUITY,SET,Quality Hospitality Leasehold Property Fund,QHOP_QUALITY HOSPITALITY,OK,2026-06-03T11:27:15.060180+00:00
QLT.BK,QLT.BK,QLT.BK,146867056,yfinance.info.marketCap,THB,1.49,98568485,EQUITY,SET,Qualitech Public Company Limited,QLT_QUALITECH,OK,2026-06-03T11:27:17.819577+00:00
QTC.BK,QTC.BK,QTC.BK,1589491200,yfinance.info.marketCap,THB,4.66,341092557,EQUITY,SET,QTC Energy Public Company Limited,QTC_QTC ENERGY,OK,2026-06-03T11:27:20.858247+00:00
QTCG.BK,QTCG.BK,QTCG.BK,95333336,yfinance.info.marketCap,THB,0.11,866666666,EQUITY,SET,,QTCG_QTCG,OK,2026-06-03T11:27:23.248847+00:00
RABBIT.BK,RABBIT.BK,RABBIT.BK,2769183488,yfinance.info.marketCap,THB,0.37,7484279875,EQUITY,SET,Rabbit Holdings Public Company Limited,RABBIT_RABBIT HOLDINGS,OK,2026-06-03T11:27:26.080925+00:00
RAM.BK,RAM.BK,RAM.BK,22080000000,yfinance.info.marketCap,THB,18.4,1200000000,EQUITY,SET,Ramkhamhaeng Hospital Public Company Limited,RAM_RAMKHAMHAENG HOSPITAL,OK,2026-06-03T11:27:28.365819+00:00
RATCH.BK,RATCH.BK,RATCH.BK,66881253376,yfinance.info.marketCap,THB,30.75,2174999985,EQUITY,SET,Ratch Group Public Company Limited,RATCH_RATCH GROUP,OK,2026-06-03T11:27:31.018589+00:00
RBF.BK,RBF.BK,RBF.BK,8387150336,yfinance.info.marketCap,THB,4.3,1950500000,EQUITY,SET,R&B Food Supply Public Company Limited,RBF_R&B FOOD SUPPLY,OK,2026-06-03T11:27:33.828616+00:00
RCL.BK,RCL.BK,RCL.BK,26105624576,yfinance.info.marketCap,THB,31.5,828750000,EQUITY,SET,Regional Container Lines Public Company Limited,RCL_REGIONAL CONTAINER LINES,OK,2026-06-03T11:27:36.886432+00:00
READY.BK,READY.BK,READY.BK,352799936,yfinance.info.marketCap,THB,2.94,119999977,EQUITY,SET,Readyplanet Public Company Limited,READY_READYPLANET,OK,2026-06-03T11:27:39.945988+00:00
RICHY.BK,RICHY.BK,RICHY.BK,260531648,yfinance.info.marketCap,THB,0.16,1628322777,EQUITY,SET,Richy Place 2002 Public Company Limited,RICHY_RICHY PLACE 2002,OK,2026-06-03T11:27:43.010914+00:00
RJH.BK,RJH.BK,RJH.BK,3785872384,yfinance.info.marketCap,THB,12.9,293478500,EQUITY,SET,Rajthanee Hospital Public Company Limited,RJH_RAJTHANEE HOSPITAL,OK,2026-06-03T11:27:45.617978+00:00
RML.BK,RML.BK,RML.BK,579522112,yfinance.info.marketCap,THB,0.1,5795220780,EQUITY,SET,Raimon Land Public Company Limited,RML_RAIMON LAND,OK,2026-06-03T11:27:48.037167+00:00
ROCK.BK,ROCK.BK,ROCK.BK,196000000,yfinance.info.marketCap,THB,9.8,20000000,EQUITY,SET,Rockworth Public Company Limited,ROCK_ROCKWORTH,OK,2026-06-03T11:27:50.267954+00:00
ROCTEC.BK,ROCTEC.BK,ROCTEC.BK,5520224256,yfinance.info.marketCap,THB,0.68,8117976744,EQUITY,SET,Roctec Global Public Company Limited,ROCTEC_ROCTEC GLOBAL,OK,2026-06-03T11:27:52.760797+00:00
ROH.BK,ROH.BK,ROH.BK,1136089856,yfinance.info.marketCap,THB,1.21,938917233,EQUITY,SET,Royal Orchid Hotel (Thailand) Public Company Limited,ROH_ROYAL ORCHID HOTEL,OK,2026-06-03T11:27:55.584601+00:00
ROJNA.BK,ROJNA.BK,ROJNA.BK,10708448256,yfinance.info.marketCap,THB,5.3,2020461863,EQUITY,SET,Rojana Industrial Park Public Company Limited,ROJNA_ROJANA INDUSTRIAL PARK,OK,2026-06-03T11:27:58.653289+00:00
RP.BK,RP.BK,RP.BK,138560016,yfinance.info.marketCap,THB,0.69,200811609,EQUITY,SET,Raja Ferry Port Public Company Limited,RP_RAJA FERRY PORT,OK,2026-06-03T11:28:01.281032+00:00
RPC.BK,RPC.BK,RPC.BK,482725696,yfinance.info.marketCap,THB,0.37,1304664125,EQUITY,SET,RPCG Public Company Limited,RPC_RPCG,OK,2026-06-03T11:28:04.036924+00:00
RPH.BK,RPH.BK,RPH.BK,2598994432,yfinance.info.marketCap,THB,4.9,530407000,EQUITY,SET,Ratchaphruek Hospital Public Company Limited,RPH_RATCHAPHRUEK HOSPITAL,OK,2026-06-03T11:28:06.163170+00:00
RS.BK,RS.BK,RS.BK,305510560,yfinance.info.marketCap,THB,0.14,2182218261,EQUITY,SET,RS Public Company Limited,RS_RS,OK,2026-06-03T11:28:08.779842+00:00
RSP.BK,RSP.BK,RSP.BK,720710016,yfinance.info.marketCap,THB,0.97,743000000,EQUITY,SET,Rich Sport Public Company Limited,RSP_RICH SPORT,OK,2026-06-03T11:28:11.832540+00:00
RT.BK,RT.BK,RT.BK,428433120,yfinance.info.marketCap,THB,0.29,1477355692,EQUITY,SET,Right Tunnelling Public Company Limited,RT_RIGHT TUNNELLING,OK,2026-06-03T11:28:14.017591+00:00
RWI.BK,RWI.BK,RWI.BK,155597104,yfinance.info.marketCap,THB,0.17,915277061,EQUITY,SET,Rayong Wire Industries Public Company Limited,RWI_RAYONG WIRE INDUSTRIES,OK,2026-06-03T11:28:16.088621+00:00
S.BK,S.BK,S.BK,3358322688,yfinance.info.marketCap,THB,0.49,6853719395,EQUITY,SET,Singha Estate Public Company Limited,S_SINGHA ESTATE,OK,2026-06-03T11:28:19.114404+00:00
S&J.BK,S&J.BK,S&J.BK,1394397166,regularMarketPrice x sharesOutstanding,THB,33.5,41623796,EQUITY,SET,S & J International Enterprises Public Company Limited,S&J_S & J INTERNATIONAL,OK,2026-06-03T11:28:21.648328+00:00
S11.BK,S11.BK,S11.BK,2439739904,yfinance.info.marketCap,THB,3.98,613000000,EQUITY,SET,S 11 Group Public Company Limited,S11_S 11 GROUP,OK,2026-06-03T11:28:24.250165+00:00
SA.BK,SA.BK,SA.BK,8632130560,yfinance.info.marketCap,THB,7.2,1198907004,EQUITY,SET,Siamese Asset Public Company Limited,SA_SIAMESE ASSET,OK,2026-06-03T11:28:27.095375+00:00
SAAM.BK,SAAM.BK,SAAM.BK,1508920064,yfinance.info.marketCap,THB,4.76,317000000,EQUITY,SET,SAAM Development Public Company Limited,SAAM_SAAM DEVELOPMENT,OK,2026-06-03T11:28:29.222208+00:00
SABINA.BK,SABINA.BK,SABINA.BK,5281999872,yfinance.info.marketCap,THB,15.2,347500000,EQUITY,SET,Sabina Public Company Limited,SABINA_SABINA,OK,2026-06-03T11:28:31.367917+00:00
SABUY.BK,SABUY.BK,SABUY.BK,,,,,2431770112,NONE,,,,NO_MARKET_CAP_RETURNED,2026-06-03T11:28:34.017010+00:00
SAF.BK,SAF.BK,SAF.BK,102000000,yfinance.info.marketCap,THB,0.34,300000000,EQUITY,SET,S.A.F. Special Steel Public Company Limited,SAF_S.A.F. SPECIAL STEEL,OK,2026-06-03T11:28:37.275330+00:00
SAFARI.BK,SAFARI.BK,SAFARI.BK,,,,,2871209984,NONE,,,,NO_MARKET_CAP_RETURNED,2026-06-03T11:28:40.142616+00:00
SAFE.BK,SAFE.BK,SAFE.BK,1762897408,yfinance.info.marketCap,THB,5.8,303947800,EQUITY,SET,Safe Fertility Group Public Company Limited,SAFE_SAFE FERTILITY GROUP,OK,2026-06-03T11:28:43.424000+00:00
SAK.BK,SAK.BK,SAK.BK,6665280000,yfinance.info.marketCap,THB,3.18,2096000000,EQUITY,SET,Saksiam Leasing Public Company Limited,SAK_SAKSIAM LEASING,OK,2026-06-03T11:28:46.318412+00:00
SALEE.BK,SALEE.BK,SALEE.BK,851471104,yfinance.info.marketCap,THB,0.56,1520484068,EQUITY,SET,Salee Industry Public Company Limited,SALEE_SALEE INDUSTRY,OK,2026-06-03T11:28:48.576250+00:00
SAM.BK,SAM.BK,SAM.BK,156768768,yfinance.info.marketCap,THB,0.15,1045125095,EQUITY,SET,Samchai Steel Industries Public Company Limited,SAM_SAMCHAI STEEL INDUSTRIES,OK,2026-06-03T11:28:51.125268+00:00
SAMART.BK,SAMART.BK,SAMART.BK,5643279360,yfinance.info.marketCap,THB,5.65,998810498,EQUITY,SET,Samart Corporation Public Company Limited,SAMART_SAMART CORPORATION,OK,2026-06-03T11:28:53.890600+00:00
SAMCO.BK,SAMCO.BK,SAMCO.BK,551948416,yfinance.info.marketCap,THB,0.86,641800446,EQUITY,SET,Sammakorn Public Company Limited,SAMCO_SAMMAKORN,OK,2026-06-03T11:28:56.689511+00:00
SAMTEL.BK,SAMTEL.BK,SAMTEL.BK,2163000320,yfinance.info.marketCap,THB,3.5,618000071,EQUITY,SET,Samart Telcoms Public Company Limited,SAMTEL_SAMART TELCOMS,OK,2026-06-03T11:28:59.224935+00:00
SANKO.BK,SANKO.BK,SANKO.BK,294495872,yfinance.info.marketCap,THB,0.93,316662232,EQUITY,SET,Sanko Diecasting (Thailand) Public Company Limited,SANKO_SANKO DIECASTING,OK,2026-06-03T11:29:01.665341+00:00
SAPPE.BK,SAPPE.BK,SAPPE.BK,9087735808,yfinance.info.marketCap,THB,30,302924542,EQUITY,SET,Sappe Public Company Limited,SAPPE_SAPPE,OK,2026-06-03T11:29:04.578147+00:00
SAT.BK,SAT.BK,SAT.BK,6590505472,yfinance.info.marketCap,THB,15.5,425193894,EQUITY,SET,Somboon Advance Technology Public Company Limited,SAT_SOMBOON ADVANCE TECHNOLOGY,OK,2026-06-03T11:29:07.014352+00:00
SAUCE.BK,SAUCE.BK,SAUCE.BK,14670000128,yfinance.info.marketCap,THB,40.75,360000000,EQUITY,SET,Thaitheparos Public Company Limited,SAUCE_THAITHEPAROS,OK,2026-06-03T11:29:10.235195+00:00
SAV.BK,SAV.BK,SAV.BK,7086520832,yfinance.info.marketCap,THB,11.1,638425300,EQUITY,SET,Samart Aviation Solutions Public Company Limited,SAV_SAMART AVIATION SOLUTIONS,OK,2026-06-03T11:29:12.498595+00:00
SAWAD.BK,SAWAD.BK,SAWAD.BK,36387000320,yfinance.info.marketCap,THB,21.9,1661506929,EQUITY,SET,Srisawad Corporation Public Company Limited,SAWAD_SRISAWAD CORPORATION,OK,2026-06-03T11:29:14.869886+00:00
SAWANG.BK,SAWANG.BK,SAWANG.BK,157200000,yfinance.info.marketCap,THB,6.55,24000000,EQUITY,SET,Sawang Export Public Company Limited,SAWANG_SAWANG EXPORT,OK,2026-06-03T11:29:17.751211+00:00
SC.BK,SC.BK,SC.BK,7784619520,yfinance.info.marketCap,THB,1.82,4277263395,EQUITY,SET,SC Asset Corporation Public Company Limited,SC_SC ASSET CORPORATION,OK,2026-06-03T11:29:20.112302+00:00
SCAP.BK,SCAP.BK,SCAP.BK,12116662272,yfinance.info.marketCap,THB,1.79,6769084776,EQUITY,SET,Srisawad Capital 1969 Public Company Limited,SCAP_SRISAWAD CAPITAL 1969,OK,2026-06-03T11:29:22.282707+00:00
SCB.BK,SCB.BK,SCB.BK,4.62977E+11,yfinance.info.marketCap,THB,137.5,3367107286,EQUITY,SET,SCB X Public Company Limited,SCB_SCB X,OK,2026-06-03T11:29:25.205333+00:00
SCC.BK,SCC.BK,SCC.BK,2.748E+11,yfinance.info.marketCap,THB,229,1200000000,EQUITY,SET,The Siam Cement Public Company Limited,SCC_THE SIAM CEMENT,OK,2026-06-03T11:29:27.375503+00:00
SCCC.BK,SCCC.BK,SCCC.BK,43656998912,yfinance.info.marketCap,THB,146.5,298000000,EQUITY,SET,Siam City Cement Public Company Limited,SCCC_SIAM CITY CEMENT,OK,2026-06-03T11:29:30.260105+00:00
SCG.BK,SCG.BK,SCG.BK,2676499968,yfinance.info.marketCap,THB,2.3,1163695652,EQUITY,SET,Ratch Pathana Energy Public Company Limited,SCG_RATCH PATHANA ENERGY,OK,2026-06-03T11:29:33.257878+00:00
SCGD.BK,SCGD.BK,SCGD.BK,8216999936,yfinance.info.marketCap,THB,4.98,1650000000,EQUITY,SET,,SCGD_SCG DECOR,OK,2026-06-03T11:29:35.763289+00:00
SCGP.BK,SCGP.BK,SCGP.BK,1.07323E+11,yfinance.info.marketCap,THB,25,4292920000,EQUITY,SET,SCG Packaging Public Company Limited,SCGP_SCG PACKAGING,OK,2026-06-03T11:29:38.057884+00:00
SCI.BK,SCI.BK,SCI.BK,727500032,yfinance.info.marketCap,THB,0.97,750000000,EQUITY,SET,SCI Electric Public Company Limited,SCI_SCI ELECTRIC,OK,2026-06-03T11:29:40.824834+00:00
SCL.BK,SCL.BK,SCL.BK,370000000,yfinance.info.marketCap,THB,1.48,249215100,EQUITY,SET,,SCL_S.C.L. MOTOR PART,OK,2026-06-03T11:29:43.813599+00:00
SCM.BK,SCM.BK,SCM.BK,115218136,yfinance.info.marketCap,THB,0.13,886293350,EQUITY,SET,Successmore Being Public Company Limited,SCM_SUCCESSMORE BEING,OK,2026-06-03T11:29:46.065559+00:00
SCN.BK,SCN.BK,SCN.BK,546174848,yfinance.info.marketCap,THB,0.45,1213722000,EQUITY,SET,Scan Inter Public Company Limited,SCN_SCAN INTER,OK,2026-06-03T11:29:48.937050+00:00
SCP.BK,SCP.BK,SCP.BK,2540699904,yfinance.info.marketCap,THB,9,282300000,EQUITY,SET,Southern Concrete Pile Public Company Limited,SCP_SOUTHERN CONCRETE PILE,OK,2026-06-03T11:29:51.024967+00:00
SDC.BK,SDC.BK,SDC.BK,690327360,yfinance.info.marketCap,THB,0.02,34516369130,EQUITY,SET,Samart Digital Public Company Limited,SDC_SAMART DIGITAL,OK,2026-06-03T11:29:53.545066+00:00
SE.BK,SE.BK,SE.BK,312547136,yfinance.info.marketCap,THB,0.46,679450333,EQUITY,SET,SiamEast Solutions Public Company Limited,SE_SIAMEAST SOLUTIONS,OK,2026-06-03T11:29:56.072842+00:00
SEAFCO.BK,SEAFCO.BK,SEAFCO.BK,2276456704,yfinance.info.marketCap,THB,2.88,790436319,EQUITY,SET,Seafco Public Company Limited,SEAFCO_SEAFCO,OK,2026-06-03T11:29:58.227530+00:00
SEAOIL.BK,SEAOIL.BK,SEAOIL.BK,2335182336,yfinance.info.marketCap,THB,3.16,738981791,EQUITY,SET,Sea Oil Public Company Limited,SEAOIL_SEA OIL,OK,2026-06-03T11:30:01.008926+00:00
SECURE.BK,SECURE.BK,SECURE.BK,1284262528,yfinance.info.marketCap,THB,12.5,102741000,EQUITY,SET,nForce Secure Public Company Limited,SECURE_NFORCE SECURE,OK,2026-06-03T11:30:03.394988+00:00
SE-ED.BK,SE-ED.BK,SE-ED.BK,646708288,yfinance.info.marketCap,THB,1.65,391944418,EQUITY,SET,SE-Education Public Company Limited,SE-ED_SE-EDUCATION,OK,2026-06-03T11:30:05.942603+00:00
SEI.BK,SEI.BK,SEI.BK,275400000,yfinance.info.marketCap,THB,1.62,170000000,EQUITY,SET,,SEI_SEI MEDICAL,OK,2026-06-03T11:30:08.379466+00:00
SELIC.BK,SELIC.BK,SELIC.BK,1734104704,yfinance.info.marketCap,THB,2.72,637538478,EQUITY,SET,Selic Corp Public Company Limited,SELIC_SELIC CORP,OK,2026-06-03T11:30:11.515228+00:00
SENA.BK,SENA.BK,SENA.BK,2532699392,yfinance.info.marketCap,THB,1.79,1414915860,EQUITY,SET,Sena Development Public Company Limited,SENA_SENADEVELOPMENT,OK,2026-06-03T11:30:13.599873+00:00
SENX.BK,SENX.BK,SENX.BK,921207168,yfinance.info.marketCap,THB,0.22,4187305152,EQUITY,SET,SEN X Public Company Limited,SENX_SEN X,OK,2026-06-03T11:30:16.074055+00:00
SFLEX.BK,SFLEX.BK,SFLEX.BK,2062695936,yfinance.info.marketCap,THB,2.78,739946352,EQUITY,SET,Starflex Public Company Limited,SFLEX_STARFLEX,OK,2026-06-03T11:30:19.143600+00:00
SFT.BK,SFT.BK,SFT.BK,660000000,yfinance.info.marketCap,THB,1.5,440000000,EQUITY,SET,Shrinkflex (Thailand) Public Company Limited,SFT_SHRINKFLEX (THAILAND),OK,2026-06-03T11:30:21.932676+00:00
SGC.BK,SGC.BK,SGC.BK,8424038400,yfinance.info.marketCap,THB,1.35,6240028067,EQUITY,SET,SG Capital Public Company Limited,SGC_SG CAPITAL,OK,2026-06-03T11:30:24.574921+00:00
SGF.BK,SGF.BK,SGF.BK,170300000,yfinance.info.marketCap,THB,0.13,1310000004,EQUITY,SET,SGF Capital Public Company Limited,SGF_SGF CAPITAL,OK,2026-06-03T11:30:27.354755+00:00
SGP.BK,SGP.BK,SGP.BK,16908339200,yfinance.info.marketCap,THB,9.2,1837863000,EQUITY,SET,Siamgas and Petrochemicals Public Company Limited,SGP_SIAMGAS AND PETROCHEMICALS,OK,2026-06-03T11:30:30.147465+00:00
SHANG.BK,SHANG.BK,SHANG.BK,5752500224,yfinance.info.marketCap,THB,44.25,130000000,EQUITY,SET,Shangri-La Hotel Public Company Limited,SHANG_SHANGRI-LA HOTEL,OK,2026-06-03T11:30:33.167324+00:00
SHR.BK,SHR.BK,SHR.BK,5785760256,yfinance.info.marketCap,THB,1.61,3593640000,EQUITY,SET,S Hotels and Resorts Public Company Limited,SHR_S HOTELS AND RESORTS,OK,2026-06-03T11:30:36.229257+00:00
SIAM.BK,SIAM.BK,SIAM.BK,444844352,yfinance.info.marketCap,THB,0.75,593125849,EQUITY,SET,Siam Steel International Public Company Limited,SIAM_SIAM STEEL INTERNATIONAL,OK,2026-06-03T11:30:38.527305+00:00
SICT.BK,SICT.BK,SICT.BK,1526399616,yfinance.info.marketCap,THB,3.18,479999884,EQUITY,SET,Silicon Craft Technology Public Company Limited,SICT_SILICON CRAFT TECHNOLOGY,OK,2026-06-03T11:30:41.245833+00:00
SIMAT.BK,SIMAT.BK,SIMAT.BK,875562240,yfinance.info.marketCap,THB,1.35,648564609,EQUITY,SET,Simat Technologies Public Company Limited,SIMAT_SIMAT TECHNOLOGIES,OK,2026-06-03T11:30:44.329222+00:00
SINGER.BK,SINGER.BK,SINGER.BK,6357797376,yfinance.info.marketCap,THB,7.8,815102226,EQUITY,SET,Singer Thailand Public Company Limited,SINGER_SINGER THAILAND,OK,2026-06-03T11:30:46.635681+00:00
SINO.BK,SINO.BK,SINO.BK,946400000,yfinance.info.marketCap,THB,0.91,1040000000,EQUITY,SET,Sino Logistics Corporation Public Company Limited,SINO_SINO LOGISTICS CORPORATION,OK,2026-06-03T11:30:49.521497+00:00
SIRI.BK,SIRI.BK,SIRI.BK,24686223360,yfinance.info.marketCap,THB,1.41,17507961250,EQUITY,SET,Sansiri Public Company Limited,SIRI_SANSIRI,OK,2026-06-03T11:30:52.149215+00:00
SIRIPRT.BK,SIRIPRT.BK,SIRIPRT.BK,1275000064,yfinance.info.marketCap,THB,7.5,170000000,EQUITY,SET,Siripinyo Real Estate Investment Trust,SIRIPRT_SIRIPINYO REAL ESTATE,OK,2026-06-03T11:30:54.604214+00:00
SIS.BK,SIS.BK,SIS.BK,7669350400,yfinance.info.marketCap,THB,21.9,350198655,EQUITY,SET,SiS Distribution (Thailand) Public Company Limited,SIS_SIS DISTRIBUTION (THAILAND),OK,2026-06-03T11:30:57.674559+00:00
SISB.BK,SISB.BK,SISB.BK,9259000832,yfinance.info.marketCap,THB,9.85,940000000,EQUITY,SET,SISB Public Company Limited,SISB_SISB,OK,2026-06-03T11:31:00.788659+00:00
SITHAI.BK,SITHAI.BK,SITHAI.BK,2821330176,yfinance.info.marketCap,THB,1.07,2636756900,EQUITY,SET,Srithai Superware Public Company Limited,SITHAI_SRITHAI SUPERWARE,OK,2026-06-03T11:31:03.329626+00:00
SJWD.BK,SJWD.BK,SJWD.BK,13768075264,yfinance.info.marketCap,THB,7.75,1776525806,EQUITY,SET,SCGJWD Logistics Public Company Limited,SJWD_SCGJWD LOGISTICS,OK,2026-06-03T11:31:06.250982+00:00
SK.BK,SK.BK,SK.BK,248400016,yfinance.info.marketCap,THB,0.54,460000000,EQUITY,SET,Sirakorn Public Company Limited,SK_SIRAKORN,OK,2026-06-03T11:31:08.630208+00:00
SKE.BK,SKE.BK,SKE.BK,200880096,yfinance.info.marketCap,THB,0.18,1116000500,EQUITY,SET,Sakol Energy Public Company Limited,SKE_SAKOL ENERGY,OK,2026-06-03T11:31:10.904345+00:00
SKN.BK,SKN.BK,SKN.BK,4240000256,yfinance.info.marketCap,THB,5.3,800000000,EQUITY,SET,S.Kijchai Enterprise Public Company Limited,SKN_S.KIJCHAI ENTERPRISE,OK,2026-06-03T11:31:13.248033+00:00
SKR.BK,SKR.BK,SKR.BK,15217375232,yfinance.info.marketCap,THB,7.5,2028983249,EQUITY,SET,Sikarin Public Company Limited,SKR_SIKARIN,OK,2026-06-03T11:31:15.799723+00:00
SKY.BK,SKY.BK,SKY.BK,10687469568,yfinance.info.marketCap,THB,14.9,717279904,EQUITY,SET,Sky ICT Public Company Limited,SKY_SKY ICT,OK,2026-06-03T11:31:18.548103+00:00
SLP.BK,SLP.BK,SLP.BK,528000000,yfinance.info.marketCap,THB,0.44,1200000000,EQUITY,SET,Salee Printing Public Company Limited,SLP_SALEE PRINTING,OK,2026-06-03T11:31:21.041929+00:00
SM.BK,SM.BK,SM.BK,,,,,1100000000,,,,,NO_MARKET_CAP_RETURNED,2026-06-03T11:31:23.733851+00:00
SMART.BK,SMART.BK,SMART.BK,0,yfinance.info.marketCap,THB,0.54,1041569984,EQUITY,SET,MFC Smart Fixed Income,SMART_SMART CONCRETE,OK,2026-06-03T11:31:27.020390+00:00
SMD100.BK,SMD100.BK,SMD100.BK,259629136,yfinance.info.marketCap,THB,1.25,207703317,EQUITY,SET,SMD Rise Public Company Limited,SMD100_SMD RISE,OK,2026-06-03T11:31:29.597815+00:00
SMIT.BK,SMIT.BK,SMIT.BK,1833800064,yfinance.info.marketCap,THB,3.46,530000000,EQUITY,SET,Sahamit Machinery Public Company Limited,SMIT_SAHAMIT MACHINERY,OK,2026-06-03T11:31:32.240307+00:00
SMPC.BK,SMPC.BK,SMPC.BK,4873107968,yfinance.info.marketCap,THB,9.1,535506333,EQUITY,SET,Sahamitr Pressure Container Public Company Limited,SMPC_SAHAMITR PRESSURE CONTAINE,OK,2026-06-03T11:31:35.203557+00:00
SMT.BK,SMT.BK,SMT.BK,2580328448,yfinance.info.marketCap,THB,3.2,806352663,EQUITY,SET,Stars Microelectronics (Thailand) Public Company Limited,SMT_STARS MICROELECTRONICS,OK,2026-06-03T11:31:37.449219+00:00
SNC.BK,SNC.BK,SNC.BK,2479880448,yfinance.info.marketCap,THB,6.85,362026339,EQUITY,SET,SNC Former Public Company Limited,SNC_SNC FORMER,OK,2026-06-03T11:31:39.800848+00:00
SNNP.BK,SNNP.BK,SNNP.BK,5985034240,yfinance.info.marketCap,THB,6.65,900005100,EQUITY,SET,Srinanaporn Marketing Public Company Limited,SNNP_SRINANAPORN MARKETING,OK,2026-06-03T11:31:42.770617+00:00
SNP.BK,SNP.BK,SNP.BK,4570141696,yfinance.info.marketCap,THB,8.95,510630383,EQUITY,SET,S&P Syndicate Public Company Limited,SNP_S & P SYNDICATE,OK,2026-06-03T11:31:45.837440+00:00
SNPS.BK,SNPS.BK,SNPS.BK,1814400000,yfinance.info.marketCap,THB,4.48,405000000,EQUITY,SET,,SNPS_SPECIALTY NATURAL PRODUCTS,OK,2026-06-03T11:31:48.677024+00:00
SO.BK,SO.BK,SO.BK,2199060224,yfinance.info.marketCap,THB,4.64,473935404,EQUITY,SET,Siamrajathanee Public Company Limited,SO_SIAMRAJATHANEE,OK,2026-06-03T11:31:50.801620+00:00
SOLAR.BK,SOLAR.BK,SOLAR.BK,392136256,yfinance.info.marketCap,THB,0.3,1307120744,EQUITY,SET,Solartron Public Company Limited,SOLAR_SOLARTRON,OK,2026-06-03T11:31:53.780004+00:00
SONIC.BK,SONIC.BK,SONIC.BK,1112527616,yfinance.info.marketCap,THB,1.52,731926092,EQUITY,SET,Sonic Interfreight Public Company Limited,SONIC_SONIC INTERFREIGHT,OK,2026-06-03T11:31:56.001837+00:00
SORKON.BK,SORKON.BK,SORKON.BK,1088426752,yfinance.info.marketCap,THB,3.48,312766300,EQUITY,SET,S. Khonkaen Foods Public Company Limited,SORKON_S. KHONKAEN FOODS,OK,2026-06-03T11:31:58.891976+00:00
SPA.BK,SPA.BK,SPA.BK,3821847296,yfinance.info.marketCap,THB,2.98,1282499124,EQUITY,SET,Siam Wellness Group Public Company Limited,SPA_SIAM WELLNESS GROUP,OK,2026-06-03T11:32:01.709924+00:00
SPACK.BK,SPACK.BK,SPACK.BK,342000000,yfinance.info.marketCap,THB,1.14,300000000,EQUITY,SET,S. Pack & Print Public Company Limited,SPACK_S. PACK & PRINT,OK,2026-06-03T11:32:04.174997+00:00
SPALI.BK,SPALI.BK,SPALI.BK,29243058176,yfinance.info.marketCap,THB,15.5,1886648930,EQUITY,SET,Supalai Public Company Limited,SPALI_SUPALAI,OK,2026-06-03T11:32:07.012650+00:00
SPC.BK,SPC.BK,SPC.BK,18314999808,yfinance.info.marketCap,THB,55.5,330000000,EQUITY,SET,Saha Pathanapibul Public Company Limited,SPC_SAHA PATHANAPIBUL,OK,2026-06-03T11:32:09.592240+00:00
SPCG.BK,SPCG.BK,SPCG.BK,9449320448,yfinance.info.marketCap,THB,8.95,1055790000,EQUITY,SET,SPCG Public Company Limited,SPCG_SPCG,OK,2026-06-03T11:32:12.243809+00:00
SPG.BK,SPG.BK,SPG.BK,3726000128,yfinance.info.marketCap,THB,10.8,345000000,EQUITY,SET,Siam Pan Group Public Company Limited,SPG_THE SIAM PAN GROUP,OK,2026-06-03T11:32:15.349505+00:00
SPI.BK,SPI.BK,SPI.BK,41822375936,yfinance.info.marketCap,THB,32.5,1286842338,EQUITY,SET,Saha Pathana Inter-Holding Public Company Limited,SPI_SAHA PATHANA INTER-HOLDING,OK,2026-06-03T11:32:18.131073+00:00
SPRC.BK,SPRC.BK,SPRC.BK,31868880896,yfinance.info.marketCap,THB,7.35,4335902125,EQUITY,SET,Star Petroleum Refining Public Company Limited,SPRC_STAR PETROLEUM REFINING,OK,2026-06-03T11:32:20.797977+00:00
SPREME.BK,SPREME.BK,SPREME.BK,1124800000,yfinance.info.marketCap,THB,1.52,740000000,EQUITY,SET,,SPREME_SUPREME DISTRIBUTION,OK,2026-06-03T11:32:23.701981+00:00
SPRIME.BK,SPRIME.BK,SPRIME.BK,1670845056,yfinance.info.marketCap,THB,3.74,446750000,EQUITY,SET,S Prime Growth Leasehold Real Estate Investment Trust,SPRIME_S PRIME GROWTH LEASEHOLD,OK,2026-06-03T11:32:26.811081+00:00
SPVI.BK,SPVI.BK,SPVI.BK,1432000000,yfinance.info.marketCap,THB,3.58,400000000,EQUITY,SET,S P V I Public Company Limited,SPVI_S P V I,OK,2026-06-03T11:32:29.279269+00:00
SQ.BK,SQ.BK,SQ.BK,229831984,yfinance.info.marketCap,THB,0.2,1149160000,EQUITY,SET,Sahakol Equipment Public Company Limited,SQ_SAHAKOL EQUIPMENT,OK,2026-06-03T11:32:31.374270+00:00
SR.BK,SR.BK,SR.BK,209777008,yfinance.info.marketCap,THB,0.31,676700000,EQUITY,SET,Siamraj Public Company Limited,SR_SIAMRAJ,OK,2026-06-03T11:32:33.470931+00:00
SRICHA.BK,SRICHA.BK,SRICHA.BK,5298931200,yfinance.info.marketCap,THB,17.1,309879000,EQUITY,SET,Sriracha Construction Public Company Limited,SRICHA_SRIRACHA CONSTRUCTION,OK,2026-06-03T11:32:36.141375+00:00
SRIPANWA.BK,SRIPANWA.BK,SRIPANWA.BK,1409273216,yfinance.info.marketCap,THB,5.05,279064000,EQUITY,SET,Sri panwa Hospitality Real Estate Investment Trust,SRIPANWA_SRI PANWA HOSPITALITY,OK,2026-06-03T11:32:39.067681+00:00
SRS.BK,SRS.BK,SRS.BK,286400000,yfinance.info.marketCap,THB,1.79,160000000,EQUITY,SET,Sirisoft Public Company Limited,SRS_SIRISOFT,OK,2026-06-03T11:32:41.687214+00:00
SSF.BK,SSF.BK,SSF.BK,1344595072,yfinance.info.marketCap,THB,4.98,269999000,EQUITY,SET,Surapon Foods Public Company Limited,SSF_SURAPON FOODS,OK,2026-06-03T11:32:44.785294+00:00
SSP.BK,SSP.BK,SSP.BK,4570701824,yfinance.info.marketCap,THB,3.66,1248825638,EQUITY,SET,Sermsang Power Corporation Public Company Limited,SSP_SERMSANG POWER CORPORATION,OK,2026-06-03T11:32:47.121616+00:00
SSPF.BK,SSPF.BK,SSPF.BK,564460000,regularMarketPrice x sharesOutstanding,THB,3.38,167000000,EQUITY,SET,Sala @ Sathorn Property Fund,SSPF_SALA @ SATHORN PROPERTY,OK,2026-06-03T11:32:50.108361+00:00
SSSC.BK,SSSC.BK,SSSC.BK,1369595520,yfinance.info.marketCap,THB,2.14,639997880,EQUITY,SET,Siam Steel Service Center Public Company Limited,SSSC_SIAM STEEL SERVICE CENTER,OK,2026-06-03T11:32:52.989923+00:00
SST.BK,SST.BK,SST.BK,526456544,yfinance.info.marketCap,THB,1,526456550,EQUITY,SET,Sub Sri Thai Public Company Limited,SST_SUB SRI THAI,OK,2026-06-03T11:32:55.986551+00:00
SSTRT.BK,SSTRT.BK,SSTRT.BK,884924864,yfinance.info.marketCap,THB,4.42,198329343,EQUITY,SET,Sub Sri Thai Real Estate Investment Trust,SSTRT_SUB SRI THAI REAL ESTATE,OK,2026-06-03T11:32:58.682643+00:00
STA.BK,STA.BK,STA.BK,30259202048,yfinance.info.marketCap,THB,19.7,1535999998,EQUITY,SET,Sri Trang Agro-Industry Public Company Limited,STA_SRI TRANG AGRO-INDUSTRY,OK,2026-06-03T11:33:01.018902+00:00
STANLY.BK,STANLY.BK,STANLY.BK,17623750656,yfinance.info.marketCap,THB,230,76625000,EQUITY,SET,Thai Stanley Electric Public Company Limited,STANLY_THAI STANLEY ELECTRIC,OK,2026-06-03T11:33:03.826375+00:00
STC.BK,STC.BK,STC.BK,329440000,yfinance.info.marketCap,THB,0.58,568000000,EQUITY,SET,STC Concrete Product Public Company Limited,STC_STC CONCRETE PRODUCT,OK,2026-06-03T11:33:06.944517+00:00
STECH.BK,STECH.BK,STECH.BK,768499968,yfinance.info.marketCap,THB,1.06,725000000,EQUITY,SET,Siam Technic Concrete Public Company Limited,STECH_SIAM TECHNIC CONCRETE,OK,2026-06-03T11:33:09.094950+00:00
STECON.BK,STECON.BK,STECON.BK,25064822784,yfinance.info.marketCap,THB,16.5,1519080194,EQUITY,SET,Stecon Group Public Company Limited,STECON_STECON GROUP,OK,2026-06-03T11:33:11.213827+00:00
STELLA.BK,STELLA.BK,STELLA.BK,6534971904,yfinance.info.marketCap,THB,0.3,21783238767,EQUITY,SET,Stella X Public Company Limited,STELLA_STELLA X,OK,2026-06-03T11:33:14.069089+00:00
STGT.BK,STGT.BK,STGT.BK,32621101056,yfinance.info.marketCap,THB,11.8,2764500000,EQUITY,SET,Sri Trang Gloves (Thailand) Public Company Limited,STGT_SRI TRANG GLOVES (THAILAND,OK,2026-06-03T11:33:16.772265+00:00
STI.BK,STI.BK,STI.BK,1037154944,yfinance.info.marketCap,THB,1.72,602997079,EQUITY,SET,Stonehenge Inter Public Company Limited,STI_STONEHENGE INTER,OK,2026-06-03T11:33:19.513495+00:00
STOWER.BK,STOWER.BK,STOWER.BK,121871256,yfinance.info.marketCap,THB,0.03,4062375325,EQUITY,SET,Sky Tower Public Company Limited,STOWER_SKY TOWER,OK,2026-06-03T11:33:21.838283+00:00
STP.BK,STP.BK,STP.BK,1110000000,yfinance.info.marketCap,THB,11.1,100000000,EQUITY,SET,Sahathai Printing & Packaging Public Company Limited,STP_SAHATHAI PRINTING,OK,2026-06-03T11:33:24.391145+00:00
STPI.BK,STPI.BK,STPI.BK,9514430464,yfinance.info.marketCap,THB,5.25,1812272387,EQUITY,SET,STP&I Public Company Limited,STPI_STP&I,OK,2026-06-03T11:33:26.520710+00:00
STX.BK,STX.BK,STX.BK,264135760,yfinance.info.marketCap,THB,0.86,307134600,EQUITY,SET,,STX_STONE ONE,OK,2026-06-03T11:33:29.605011+00:00
SUC.BK,SUC.BK,SUC.BK,8175000064,yfinance.info.marketCap,THB,27.25,300000000,EQUITY,SET,Saha-Union Public Company Limited,SUC_SAHA-UNION,OK,2026-06-03T11:33:32.039036+00:00
SUN.BK,SUN.BK,SUN.BK,1888551808,yfinance.info.marketCap,THB,2.44,773996592,EQUITY,SET,Sunsweet Public Company Limited,SUN_SUNSWEET,OK,2026-06-03T11:33:34.963233+00:00
SUPER.BK,SUPER.BK,SUPER.BK,3555431424,yfinance.info.marketCap,THB,0.13,27349473107,EQUITY,SET,Super Energy Corporation Public Company Limited,SUPER_SUPER ENERGY CORPORATION,OK,2026-06-03T11:33:37.195343+00:00
SUPEREIF.BK,SUPEREIF.BK,SUPEREIF.BK,,,THB,5.85,,EQUITY,SET,Super Energy Power Plant Infrastructure Fund,SUPEREIF_SUPER ENERGY POWER,NO_MARKET_CAP_RETURNED,2026-06-03T11:33:40.182061+00:00
SUSCO.BK,SUSCO.BK,SUSCO.BK,1994999808,yfinance.info.marketCap,THB,2.1,949999956,EQUITY,SET,Susco Public Company Limited,SUSCO_SUSCO,OK,2026-06-03T11:33:42.996370+00:00
SUTHA.BK,SUTHA.BK,SUTHA.BK,934974080,yfinance.info.marketCap,THB,2.58,362393057,EQUITY,SET,Golden Lime Public Company Limited,SUTHA_GOLDEN LIME,OK,2026-06-03T11:33:45.669259+00:00
SVI.BK,SVI.BK,SVI.BK,11842655232,yfinance.info.marketCap,THB,5.5,2153210027,EQUITY,SET,SVI Public Company Limited,SVI_SVI,OK,2026-06-03T11:33:48.152399+00:00
SVOA.BK,SVOA.BK,SVOA.BK,1447981952,yfinance.info.marketCap,THB,1.78,813473000,EQUITY,SET,SVOA Public Company Limited,SVOA_SVOA,OK,2026-06-03T11:33:50.325286+00:00
SVR.BK,SVR.BK,SVR.BK,153000000,yfinance.info.marketCap,THB,0.3,510000000,EQUITY,SET,Sivarom Real Estate Public Company Limited,SVR_SIVAROM REAL ESTATE,OK,2026-06-03T11:33:53.404933+00:00
SVT.BK,SVT.BK,SVT.BK,896000000,yfinance.info.marketCap,THB,1.28,700000000,EQUITY,SET,Sun Vending Technology Public Company Limited,SVT_SUN VENDING TECHNOLOGY,OK,2026-06-03T11:33:55.756504+00:00
SWC.BK,SWC.BK,SWC.BK,2244294912,yfinance.info.marketCap,THB,4.5,498732180,EQUITY,SET,Sherwood Corporation (Thailand) Public Company Limited,SWC_SHERWOOD CORPORATION,OK,2026-06-03T11:33:58.438488+00:00
SYMC.BK,SYMC.BK,SYMC.BK,2255005184,yfinance.info.marketCap,THB,5.2,433654887,EQUITY,SET,Symphony Communication Public Company Limited,SYMC_SYMPHONY COMMUNICATION,OK,2026-06-03T11:34:01.288290+00:00
SYNEX.BK,SYNEX.BK,SYNEX.BK,7838091264,yfinance.info.marketCap,THB,9.25,847361206,EQUITY,SET,Synnex (Thailand) Public Company Limited,SYNEX_SYNNEX (THAILAND),OK,2026-06-03T11:34:04.099604+00:00
SYNTEC.BK,SYNTEC.BK,SYNTEC.BK,2592175872,yfinance.info.marketCap,THB,1.64,1580595100,EQUITY,SET,Syntec Construction Public Company Limited,SYNTEC_SYNTEC CONSTRUCTION,OK,2026-06-03T11:34:06.881568+00:00
TACC.BK,TACC.BK,TACC.BK,3480000000,yfinance.info.marketCap,THB,5.8,600000000,EQUITY,SET,T.A.C. Consumer Public Company Limited,TACC_T.A.C. CONSUMER,OK,2026-06-03T11:34:10.056105+00:00
TAE.BK,TAE.BK,TAE.BK,1800000000,yfinance.info.marketCap,THB,1.8,1000000000,EQUITY,SET,Thai Agro Energy Public Company Limited,TAE_THAI AGRO ENERGY,OK,2026-06-03T11:34:12.632851+00:00
TAKUNI.BK,TAKUNI.BK,TAKUNI.BK,312000096,yfinance.info.marketCap,THB,0.39,800000236,EQUITY,SET,Takuni Group Public Company Limited,TAKUNI_TAKUNI GROUP,OK,2026-06-03T11:34:15.585232+00:00
TAN.BK,TAN.BK,TAN.BK,1130976000,yfinance.info.marketCap,THB,3.78,299200000,EQUITY,SET,Tanachira Retail Corporation Public Company Limited,TAN_TANACHIRA RETAIL CORPORATIO,OK,2026-06-03T11:34:18.418588+00:00
TAPAC.BK,TAPAC.BK,TAPAC.BK,222406736,yfinance.info.marketCap,THB,0.54,411864308,MUTUALFUND,SET,Tapaco Public Company Limited,"TAPAC.BK,0P0000BESX,0",OK,2026-06-03T11:34:20.881588+00:00
TASCO.BK,TASCO.BK,TASCO.BK,21623554048,yfinance.info.marketCap,THB,13.7,1578361570,EQUITY,SET,Tipco Asphalt Public Company Limited,TASCO_TIPCO ASPHALT,OK,2026-06-03T11:34:23.273040+00:00
TATG.BK,TATG.BK,TATG.BK,388000000,yfinance.info.marketCap,THB,0.97,400000000,EQUITY,SET,Thai Auto Tools and Die Public Company Limited,TATG_THAI AUTO TOOLS AND DIE,OK,2026-06-03T11:34:26.149241+00:00
TBN.BK,TBN.BK,TBN.BK,352000000,yfinance.info.marketCap,THB,3.52,100000000,EQUITY,SET,TBN Corporation Public Company Limited,TBN_TBN CORPORATION,OK,2026-06-03T11:34:28.769353+00:00
TC.BK,TC.BK,TC.BK,1880999936,yfinance.info.marketCap,THB,5.7,330000000,EQUITY,SET,Tropical Canning (Thailand) Public Company Limited,TC_TROPICAL CANNING (THAILAND),OK,2026-06-03T11:34:31.268401+00:00
TCAP.BK,TCAP.BK,TCAP.BK,64227065856,yfinance.info.marketCap,THB,61.25,1048605207,EQUITY,SET,Thanachart Capital Public Company Limited,TCAP_THANACHART CAPITAL,OK,2026-06-03T11:34:33.764910+00:00
TCC.BK,TCC.BK,TCC.BK,460531584,yfinance.info.marketCap,THB,0.33,1395550150,EQUITY,SET,Thai Capital Corporation Public Company Limited,TCC_THAI CAPITAL CORPORATION,OK,2026-06-03T11:34:36.530595+00:00
TCJ.BK,TCJ.BK,TCJ.BK,253431216,yfinance.info.marketCap,THB,2.4,105596336,EQUITY,SET,T.C.J. Asia Public Company Limited,TCJ_T.C.J. ASIA,OK,2026-06-03T11:34:38.972318+00:00
TCMC.BK,TCMC.BK,TCMC.BK,236592352,yfinance.info.marketCap,THB,0.31,763201125,EQUITY,SET,TCM Corporation Public Company Limited,TCMC_TCM CORPORATION,OK,2026-06-03T11:34:41.235180+00:00
TCOAT.BK,TCOAT.BK,TCOAT.BK,299249984,yfinance.info.marketCap,THB,28.5,10500000,EQUITY,SET,Thai Coating Industrial Public Company Limited,TCOAT_THAI COATING INDUSTRIAL,OK,2026-06-03T11:34:44.193142+00:00
TEAM.BK,TEAM.BK,TEAM.BK,3185316864,yfinance.info.marketCap,THB,5,637063385,EQUITY,SET,Team Precision Public Company Limited,TEAM_TEAM PRECISION,OK,2026-06-03T11:34:46.876798+00:00
TEAMG.BK,TEAMG.BK,TEAMG.BK,2502778880,yfinance.info.marketCap,THB,3.06,817901618,EQUITY,SET,TEAM Consulting Engineering and Management Public Company Limited,TEAMG_TEAM CONSULTING,OK,2026-06-03T11:34:49.984726+00:00
TEGH.BK,TEGH.BK,TEGH.BK,3391200000,yfinance.info.marketCap,THB,3.14,1080000000,EQUITY,SET,Thai Eastern Group Holdings Public Company Limited,TEGH_THAI EASTERN GROUP HOLDING,OK,2026-06-03T11:34:52.806868+00:00
TEKA.BK,TEKA.BK,TEKA.BK,522000000,yfinance.info.marketCap,THB,1.74,300000000,EQUITY,SET,Teka Construction Public Company Limited,TEKA_TEKA CONSTRUCTION,OK,2026-06-03T11:34:55.735429+00:00
TERA.BK,TERA.BK,TERA.BK,266400000,yfinance.info.marketCap,THB,1.11,240000000,EQUITY,SET,,TERA_TERABYTE PLUS,OK,2026-06-03T11:34:58.414667+00:00
TFFIF.BK,TFFIF.BK,TFFIF.BK,,,THB,6.55,,EQUITY,SET,Thailand Future Fund,TFFIF_THAILAND FUTURE FUND,NO_MARKET_CAP_RETURNED,2026-06-03T11:35:01.225303+00:00
TFG.BK,TFG.BK,TFG.BK,53864824832,yfinance.info.marketCap,THB,9.25,5823224156,EQUITY,SET,Thaifoods Group Public Company Limited,TFG_THAIFOODS GROUP,OK,2026-06-03T11:35:04.119868+00:00
TFI.BK,TFI.BK,TFI.BK,673048960,yfinance.info.marketCap,THB,0.04,16826223539,EQUITY,SET,Thai Future Incorporation Public Company Limited,TFI_THAI FUTURE INCORPORATION,OK,2026-06-03T11:35:07.102956+00:00
TFM.BK,TFM.BK,TFM.BK,6449999872,yfinance.info.marketCap,THB,6.45,1000000000,EQUITY,SET,Thai Union Feedmill Public Company Limited,TFM_THAI UNION FEEDMILL,OK,2026-06-03T11:35:09.244916+00:00
TFMAMA.BK,TFMAMA.BK,TFMAMA.BK,62478909440,yfinance.info.marketCap,THB,189.5,329704014,EQUITY,SET,Thai President Foods Public Company Limited,TFMAMA_THAI PRESIDENT FOODS,OK,2026-06-03T11:35:12.046601+00:00
TGE.BK,TGE.BK,TGE.BK,2712626688,yfinance.info.marketCap,THB,1.08,2511691156,EQUITY,SET,Thachang Green Energy Public Company Limited,TGE_THACHANG GREEN ENERGY,OK,2026-06-03T11:35:14.383369+00:00
TGH.BK,TGH.BK,TGH.BK,8122656768,yfinance.info.marketCap,THB,10.8,752097832,EQUITY,SET,Thai Group Holdings Public Company Limited,TGH_THAI GROUP HOLDINGS,OK,2026-06-03T11:35:16.557701+00:00
TGPRO.BK,TGPRO.BK,TGPRO.BK,188778384,yfinance.info.marketCap,THB,0.04,4719459894,EQUITY,SET,Thai-German Products Public Company Limited,TGPRO_THAI-GERMAN PRODUCTS,OK,2026-06-03T11:35:19.078872+00:00
TH.BK,TH.BK,TH.BK,453719104,yfinance.info.marketCap,THB,0.46,986345834,EQUITY,SET,Tong Hua Holding Public Company Limited,TH_TONG HUA HOLDING,OK,2026-06-03T11:35:21.965041+00:00
THAI.BK,THAI.BK,THAI.BK,1.92462E+11,yfinance.info.marketCap,THB,6.8,28303291567,EQUITY,SET,Thai Airways International Public Company Limited,THAI_THAI AIRWAYS INTERNATIONAL,OK,2026-06-03T11:35:24.912535+00:00
THANA.BK,THANA.BK,THANA.BK,427158144,yfinance.info.marketCap,THB,1.54,277375424,EQUITY,SET,Thanasiri Group Public Company Limited,THANA_THANASIRI GROUP,OK,2026-06-03T11:35:27.392956+00:00
THANI.BK,THANI.BK,THANI.BK,10340685824,yfinance.info.marketCap,THB,1.66,6229328690,EQUITY,SET,Ratchthani Leasing Public Company Limited,THANI_RATCHTHANI LEASING,OK,2026-06-03T11:35:29.942620+00:00
THCOM.BK,THCOM.BK,THCOM.BK,12934003712,yfinance.info.marketCap,THB,11.8,1096101954,EQUITY,SET,Thaicom Public Company Limited,THCOM_THAICOM,OK,2026-06-03T11:35:32.731898+00:00
THE.BK,THE.BK,THE.BK,881649152,yfinance.info.marketCap,THB,0.8,1102061385,EQUITY,SET,The Steel Public Company Limited,THE_THE STEEL,OK,2026-06-03T11:35:35.485966+00:00
THG.BK,THG.BK,THG.BK,13955403776,yfinance.info.marketCap,THB,7.8,1789154360,EQUITY,SET,Thonburi Healthcare Group Public Company Limited,THG_THONBURI HEALTHCARE GROUP,OK,2026-06-03T11:35:38.114222+00:00
THIP.BK,THIP.BK,THIP.BK,1889993472,yfinance.info.marketCap,THB,21,89999686,EQUITY,SET,Thantawan Industry Public Company Limited,THIP_THANTAWAN INDUSTRY,OK,2026-06-03T11:35:40.774558+00:00
THMUI.BK,THMUI.BK,THMUI.BK,111682120,yfinance.info.marketCap,THB,0.32,349006622,EQUITY,SET,Thai Mui Corporation Public Company Limited,THMUI_THAI MUI CORPORATION,OK,2026-06-03T11:35:42.969124+00:00
THRE.BK,THRE.BK,THRE.BK,1475247872,yfinance.info.marketCap,THB,0.35,4214993832,EQUITY,SET,Thai Reinsurance Public Company Limited,THRE_THAI REINSURANCE,OK,2026-06-03T11:35:45.203368+00:00
THREL.BK,THREL.BK,THREL.BK,632400000,yfinance.info.marketCap,THB,1.02,620000000,EQUITY,SET,Thaire Life Assurance Public Company Limited,THREL_THAIRE LIFE ASSURANCE,OK,2026-06-03T11:35:48.159886+00:00
TIDLOR.BK,TIDLOR.BK,TIDLOR.BK,51547545600,yfinance.info.marketCap,THB,17.8,2895929570,EQUITY,SET,Tidlor Holdings Public Company Limited,TIDLOR_TIDLOR HOLDINGS,OK,2026-06-03T11:35:50.336656+00:00
TIF1.BK,TIF1.BK,TIF1.BK,697500032,yfinance.info.marketCap,THB,7.75,90000000,EQUITY,SET,Thai Industrial Fund 1,TIF1_THAI INDUSTRIAL FUND 1,OK,2026-06-03T11:35:53.281340+00:00
TIGER.BK,TIGER.BK,TIGER.BK,124200008,yfinance.info.marketCap,THB,0.27,460000000,EQUITY,SET,Thai Enger Holding Public Company Limited,TIGER_THAI ENGER HOLDING,OK,2026-06-03T11:35:56.134278+00:00
TIPCO.BK,TIPCO.BK,TIPCO.BK,2919607040,yfinance.info.marketCap,THB,6.05,482579640,EQUITY,SET,Tipco Foods Public Company Limited,TIPCO_TIPCO FOODS,OK,2026-06-03T11:35:58.813290+00:00
TIPH.BK,TIPH.BK,TIPH.BK,12717855744,yfinance.info.marketCap,THB,21.4,594292336,EQUITY,SET,Dhipaya Group Holdings Public Company Limited,TIPH_DHIPAYA GROUP HOLDINGS,OK,2026-06-03T11:36:01.625684+00:00
TISCO.BK,TISCO.BK,TISCO.BK,91274723328,yfinance.info.marketCap,THB,114,800655483,EQUITY,SET,TISCO Financial Group Public Company Limited,TISCO_TISCO FINANCIAL GROUP,OK,2026-06-03T11:36:04.169603+00:00
TITLE.BK,TITLE.BK,TITLE.BK,6295547904,yfinance.info.marketCap,THB,8.05,782055617,EQUITY,SET,Rhom Bho Property Public Company Limited,TITLE_RHOM BHO PROPERTY,OK,2026-06-03T11:36:06.744508+00:00
TK.BK,TK.BK,TK.BK,2060000000,yfinance.info.marketCap,THB,4.12,500000000,EQUITY,SET,Thitikorn Public Company Limited,TK_THITIKORN,OK,2026-06-03T11:36:09.187443+00:00
TKC.BK,TKC.BK,TKC.BK,4280000000,yfinance.info.marketCap,THB,10.7,400000000,EQUITY,SET,Turnkey Communication Services Public Company Limited,TKC_TURNKEY COMMUNICATION,OK,2026-06-03T11:36:11.298663+00:00
TKN.BK,TKN.BK,TKN.BK,5713199616,yfinance.info.marketCap,THB,4.14,1380000000,EQUITY,SET,Taokaenoi Food & Marketing Public Company Limited,TKN_TAOKAENOI FOOD & MARKETING,OK,2026-06-03T11:36:14.208836+00:00
TKS.BK,TKS.BK,TKS.BK,3585070592,yfinance.info.marketCap,THB,7.3,491105539,EQUITY,SET,T.K.S. Technologies Public Company Limited,TKS_T.K.S. TECHNOLOGIES,OK,2026-06-03T11:36:16.825472+00:00
TKT.BK,TKT.BK,TKT.BK,259577200,yfinance.info.marketCap,THB,0.74,350780000,EQUITY,SET,T.Krungthai Industries Public Company Limited,TKT_T.KRUNGTHAI INDUSTRIES,OK,2026-06-03T11:36:19.512425+00:00
TLHPF.BK,TLHPF.BK,TLHPF.BK,743040000,regularMarketPrice x sharesOutstanding,THB,4.32,172000000,EQUITY,SET,Thailand Hospitality Property Fund,TLHPF_THAILAND HOSPITALITY,OK,2026-06-03T11:36:21.892311+00:00
TLI.BK,TLI.BK,TLI.BK,1.2595E+11,yfinance.info.marketCap,THB,11,11450000000,EQUITY,SET,Thai Life Insurance Public Company Limited,TLI_THAI LIFE INSURANCE,OK,2026-06-03T11:36:24.354352+00:00
TM.BK,TM.BK,TM.BK,280280192,yfinance.info.marketCap,THB,0.91,308000178,EQUITY,SET,Techno Medical Public Company Limited,TM_TECHNO MEDICAL,OK,2026-06-03T11:36:27.197410+00:00
TMAN.BK,TMAN.BK,TMAN.BK,4480039936,yfinance.info.marketCap,THB,11.2,400003600,EQUITY,SET,,TMAN_T.MAN PHARMACEUTICAL,OK,2026-06-03T11:36:30.064142+00:00
TMC.BK,TMC.BK,TMC.BK,321160000,yfinance.info.marketCap,THB,0.7,458800000,EQUITY,SET,T.M.C. Industrial Public Company Limited,TMC_T.M.C. INDUSTRIAL,OK,2026-06-03T11:36:32.622954+00:00
TMD.BK,TMD.BK,TMD.BK,3900000000,yfinance.info.marketCap,THB,26,150000000,EQUITY,SET,Thai Metal Drum Manufacturing Public Company Limited,TMD_THAI METAL DRUM,OK,2026-06-03T11:36:35.239383+00:00
TMI.BK,TMI.BK,TMI.BK,322292480,yfinance.info.marketCap,THB,0.48,671442656,EQUITY,SET,Teera-Mongkol Industry Public Company Limited,TMI_TEERA-MONGKOL INDUSTRY,OK,2026-06-03T11:36:37.394281+00:00
TMILL.BK,TMILL.BK,TMILL.BK,916927360,yfinance.info.marketCap,THB,2.3,398664061,EQUITY,SET,T S Flour Mill Public Company Limited,TMILL_T S FLOUR MILL,OK,2026-06-03T11:36:39.840510+00:00
TMT.BK,TMT.BK,TMT.BK,3082483456,yfinance.info.marketCap,THB,3.54,870758034,EQUITY,SET,TMT Steel Public Company Limited,TMT_TMT STEEL,OK,2026-06-03T11:36:42.306989+00:00
TMW.BK,TMW.BK,TMW.BK,2393999872,yfinance.info.marketCap,THB,60,39900000,EQUITY,SET,Thai Mitsuwa Public Company Limited,TMW_THAI MITSUWA,OK,2026-06-03T11:36:44.882130+00:00
TNDT.BK,TNDT.BK,TNDT.BK,225105744,yfinance.info.marketCap,THB,0.13,1731582707,EQUITY,SET,Thai Nondestructive Testing Public Company Limited,TNDT_THAI NONDESTRUCTIVE TESTIN,OK,2026-06-03T11:36:47.944216+00:00
TNH.BK,TNH.BK,TNH.BK,5354999808,yfinance.info.marketCap,THB,29.75,180000000,EQUITY,SET,Thai Nakarin Hospital Public Company Limited,TNH_THAI NAKARIN HOSPITAL,OK,2026-06-03T11:36:50.321882+00:00
TNITY.BK,TNITY.BK,TNITY.BK,540300224,yfinance.info.marketCap,THB,2.52,214404846,EQUITY,SET,Trinity Watthana Public Company Limited,TNITY_TRINITY WATTHANA,OK,2026-06-03T11:36:52.672693+00:00
TNL.BK,TNL.BK,TNL.BK,6336151040,yfinance.info.marketCap,THB,20.8,304622662,EQUITY,SET,Thanulux Public Company Limited,TNL_THANULUX,OK,2026-06-03T11:36:55.317341+00:00
TNP.BK,TNP.BK,TNP.BK,2368000000,yfinance.info.marketCap,THB,2.96,800000000,EQUITY,SET,Thanapiriya Public Company Limited,TNP_THANAPIRIYA,OK,2026-06-03T11:36:57.936908+00:00
TNPC.BK,TNPC.BK,TNPC.BK,333997664,yfinance.info.marketCap,THB,0.98,340813930,EQUITY,SET,Thai Nam Plastic Public Company Limited,TNPC_THAI NAM PLASTIC,OK,2026-06-03T11:37:00.968324+00:00
TNPF.BK,TNPF.BK,TNPF.BK,147898340,regularMarketPrice x sharesOutstanding,THB,1.01,146434000,EQUITY,SET,Trinity Freehold and Leasehold Property Fund,TNPF_TRINITY FREEHOLD AND,OK,2026-06-03T11:37:03.869971+00:00
TNR.BK,TNR.BK,TNR.BK,1500000000,yfinance.info.marketCap,THB,5,300000000,EQUITY,SET,"Thai Nippon Rubber Industry Public Co., Ltd.",TNR_THAI NIPPON RUBBER INDUSTRY,OK,2026-06-03T11:37:06.477471+00:00
TOA.BK,TOA.BK,TOA.BK,24813881344,yfinance.info.marketCap,THB,12.8,1938584500,EQUITY,SET,TOA Paint (Thailand) Public Company Limited,TOA_TOA PAINT (THAILAND),OK,2026-06-03T11:37:09.457806+00:00
TOG.BK,TOG.BK,TOG.BK,3272794368,yfinance.info.marketCap,THB,6.9,474318000,EQUITY,SET,Thai Optical Group Public Company Limited,TOG_THAI OPTICAL GROUP,OK,2026-06-03T11:37:12.356455+00:00
TOP.BK,TOP.BK,TOP.BK,1.03315E+11,yfinance.info.marketCap,THB,46.25,2233835566,EQUITY,SET,Thai Oil Public Company Limited,TOP_THAI OIL,OK,2026-06-03T11:37:14.860082+00:00
TOPP.BK,TOPP.BK,TOPP.BK,834000000,yfinance.info.marketCap,THB,139,6000000,EQUITY,SET,Thai O.P.P. Public Company Limited,TOPP_THAI O.P.P.,OK,2026-06-03T11:37:17.666460+00:00
TPA.BK,TPA.BK,TPA.BK,328050016,yfinance.info.marketCap,THB,2.7,121500000,EQUITY,SET,Thai Poly Acrylic Public Company Limited,TPA_THAI POLY ACRYLIC,OK,2026-06-03T11:37:20.268185+00:00
TPAC.BK,TPAC.BK,TPAC.BK,2906294784,yfinance.info.marketCap,THB,8.9,326549999,EQUITY,SET,Thai Plaspac Public Company Limited,TPAC_THAI PLASPAC,OK,2026-06-03T11:37:23.055576+00:00
TPBI.BK,TPBI.BK,TPBI.BK,1242302080,yfinance.info.marketCap,THB,2.98,416879900,EQUITY,SET,TPBI Public Company Limited,TPBI_TPBI,OK,2026-06-03T11:37:25.218696+00:00
TPCH.BK,TPCH.BK,TPCH.BK,569704000,yfinance.info.marketCap,THB,1.42,401200000,EQUITY,SET,TPC Power Holding Public Company Limited,TPCH_TPC POWER HOLDING,OK,2026-06-03T11:37:28.232787+00:00
TPCS.BK,TPCS.BK,TPCS.BK,1074599936,yfinance.info.marketCap,THB,9.95,108000000,EQUITY,SET,TPCS Public Company Limited,TPCS_TPCS,OK,2026-06-03T11:37:31.149944+00:00
TPIPL.BK,TPIPL.BK,TPIPL.BK,15526892544,yfinance.info.marketCap,THB,0.82,18935235000,EQUITY,SET,TPI Polene Public Company Limited,TPIPL_TPI POLENE,OK,2026-06-03T11:37:33.671715+00:00
TPIPP.BK,TPIPP.BK,TPIPP.BK,14951999488,yfinance.info.marketCap,THB,1.78,8400000000,EQUITY,SET,TPI Polene Power Public Company Limited,TPIPP_TPI POLENE POWER,OK,2026-06-03T11:37:36.665610+00:00
TPL.BK,TPL.BK,TPL.BK,1279499392,yfinance.info.marketCap,THB,0.65,1968460681,EQUITY,SET,Thai Parcels Public Company Limited,TPL_THAI PARCELS,OK,2026-06-03T11:37:39.603304+00:00
TPLAS.BK,TPLAS.BK,TPLAS.BK,286200000,yfinance.info.marketCap,THB,1.06,270000000,EQUITY,SET,Thai Plastic Industrial (1994) Public Company Limited,TPLAS_THAI PLASTIC INDUSTRIAL,OK,2026-06-03T11:37:41.754901+00:00
TPOLY.BK,TPOLY.BK,TPOLY.BK,68731136,yfinance.info.marketCap,THB,0.12,572759484,EQUITY,SET,Thai Polycons Public Company Limited,TPOLY_THAI POLYCONS,OK,2026-06-03T11:37:44.503031+00:00
TPP.BK,TPP.BK,TPP.BK,446249984,yfinance.info.marketCap,THB,11.9,37500000,EQUITY,SET,Thai Packaging & Printing Public Company Limited,TPP_THAI PACKAGING & PRINTING,OK,2026-06-03T11:37:46.952666+00:00
TPRIME.BK,TPRIME.BK,TPRIME.BK,4106250240,yfinance.info.marketCap,THB,7.5,547500000,EQUITY,SET,Thailand Prime Property Freehold and Leasehold Real Estate Investment Trust,TPRIME_THAILAND PRIME PROPERTY,OK,2026-06-03T11:37:49.348182+00:00
TPS.BK,TPS.BK,TPS.BK,1301069184,yfinance.info.marketCap,THB,3.1,419699735,EQUITY,SET,The Practical Solution Public Company Limited,TPS_THE PRACTICAL SOLUTION,OK,2026-06-03T11:37:52.261230+00:00
TQM.BK,TQM.BK,TQM.BK,8144215552,yfinance.info.marketCap,THB,13.9,585914800,EQUITY,SET,TQM Alpha Public Company Limited,TQM_TQM ALPHA,OK,2026-06-03T11:37:55.081927+00:00
TQR.BK,TQR.BK,TQR.BK,1230499968,yfinance.info.marketCap,THB,5.35,230000000,EQUITY,SET,TQR Public Company Limited,TQR_TQR,OK,2026-06-03T11:37:57.904413+00:00
TR.BK,TR.BK,TR.BK,5292000256,yfinance.info.marketCap,THB,26.25,201600000,EQUITY,SET,Thai Rayon Public Company Limited,TR_THAI RAYON,OK,2026-06-03T11:38:00.493330+00:00
TRC.BK,TRC.BK,TRC.BK,838633920,yfinance.info.marketCap,THB,0.6,1397723153,EQUITY,SET,TRC Construction Public Company Limited,TRC_TRC CONSTRUCTION,OK,2026-06-03T11:38:03.410925+00:00
TRITN.BK,TRITN.BK,TRITN.BK,437935776,yfinance.info.marketCap,THB,0.02,21896790985,EQUITY,SET,Triton Holding Public Company Limited,TRITN_TRITON HOLDING,OK,2026-06-03T11:38:06.484289+00:00
TRP.BK,TRP.BK,TRP.BK,1404919168,yfinance.info.marketCap,THB,4.26,329793200,EQUITY,SET,,TRP_AESTHETIC CONNECT,OK,2026-06-03T11:38:08.646020+00:00
TRT.BK,TRT.BK,TRT.BK,2849076480,yfinance.info.marketCap,THB,9.25,308008272,EQUITY,SET,Tirathai Public Company Limited,TRT_TIRATHAI,OK,2026-06-03T11:38:11.249876+00:00
TRU.BK,TRU.BK,TRU.BK,2553288448,yfinance.info.marketCap,THB,3.88,657530923,EQUITY,SET,Thai Rung Union Car Public Company Limited,TRU_THAI RUNG UNION CAR,OK,2026-06-03T11:38:13.561369+00:00
TRUBB.BK,TRUBB.BK,TRUBB.BK,790062272,yfinance.info.marketCap,THB,0.94,840491779,EQUITY,SET,Thai Rubber Latex Group Public Company Limited,TRUBB_THAI RUBBER LATEX GROUP,OK,2026-06-03T11:38:15.902575+00:00
TRUE.BK,TRUE.BK,TRUE.BK,4.83729E+11,yfinance.info.marketCap,THB,14,34552100801,EQUITY,SET,True Corporation Public Company Limited,TRUE_TRUE CORPORATION,OK,2026-06-03T11:38:18.666898+00:00
TRV.BK,TRV.BK,TRV.BK,357600000,yfinance.info.marketCap,THB,1.49,240000000,EQUITY,SET,T.R.V. Rubber Products Public Company Limited,TRV_T.R.V. RUBBER PRODUCTS,OK,2026-06-03T11:38:21.529034+00:00
TSC.BK,TSC.BK,TSC.BK,3845040128,yfinance.info.marketCap,THB,14.8,259800000,EQUITY,SET,Thai Steel Cable Public Company Limited,TSC_THAI STEEL CABLE,OK,2026-06-03T11:38:24.245567+00:00
TSE.BK,TSE.BK,TSE.BK,1819085952,yfinance.info.marketCap,THB,0.86,2115216281,EQUITY,SET,Thai Solar Energy Public Company Limited,TSE_THAI SOLAR ENERGY,OK,2026-06-03T11:38:26.716953+00:00
TSI.BK,TSI.BK,TSI.BK,114174824,yfinance.info.marketCap,THB,0.06,1902913766,EQUITY,SET,The Thai Setakij Insurance Public Company Limited,TSI_THE THAI SETAKIJ INSURANCE,OK,2026-06-03T11:38:29.134011+00:00
TSR.BK,TSR.BK,TSR.BK,24174348,yfinance.info.marketCap,THB,0.04,604358700,EQUITY,SET,TSR Living Solution Public Company Limited,TSR_TSR LIVING SOLUTION,OK,2026-06-03T11:38:32.027514+00:00
TSTE.BK,TSTE.BK,TSTE.BK,4063268096,yfinance.info.marketCap,THB,10.6,383327181,EQUITY,SET,TSTE Public Company Limited,TSTE_TSTE,OK,2026-06-03T11:38:34.898439+00:00
TSTH.BK,TSTH.BK,TSTH.BK,7663602176,yfinance.info.marketCap,THB,0.91,8421540848,EQUITY,SET,Tata Steel (Thailand) Public Company Limited,TSTH_TATA STEEL (THAILAND),OK,2026-06-03T11:38:37.317816+00:00
TTA.BK,TTA.BK,TTA.BK,9389599744,yfinance.info.marketCap,THB,5.2,1805692464,EQUITY,SET,Thoresen Thai Agencies Public Company Limited,TTA_THORESEN THAI AGENCIES,OK,2026-06-03T11:38:40.267895+00:00
TTB.BK,TTB.BK,TTB.BK,2.19748E+11,yfinance.info.marketCap,THB,2.32,94718979279,EQUITY,SET,TMBThanachart Bank Public Company Limited,TTB_TMBTHANACHART BANK,OK,2026-06-03T11:38:43.087645+00:00
TTCL.BK,TTCL.BK,TTCL.BK,49280004,yfinance.info.marketCap,THB,0.08,616000043,EQUITY,SET,TTCL Public Company Limited,TTCL_TTCL,OK,2026-06-03T11:38:45.337493+00:00
TTI.BK,TTI.BK,TTI.BK,1287500032,yfinance.info.marketCap,THB,25.75,50000000,EQUITY,SET,Thai Textile Industry Public Company Limited,TTI_THAI TEXTILE INDUSTRY,OK,2026-06-03T11:38:48.436852+00:00
TTLPF.BK,TTLPF.BK,TTLPF.BK,1710000000,regularMarketPrice x sharesOutstanding,THB,9.5,180000000,EQUITY,SET,Talaad Thai Leasehold Property Fund,TTLPF_TALAAD THAI LEASEHOLD,OK,2026-06-03T11:38:50.880777+00:00
TTT.BK,TTT.BK,TTT.BK,2313600000,yfinance.info.marketCap,THB,40,57840000,EQUITY,SET,Toray Textiles (Thailand) Public Company Limited,TTT_TORAY TEXTILES (THAILAND),OK,2026-06-03T11:38:53.464035+00:00
TTW.BK,TTW.BK,TTW.BK,37505998848,yfinance.info.marketCap,THB,9.4,3990000000,EQUITY,SET,TTW Public Company Limited,TTW_TTW,OK,2026-06-03T11:38:55.943332+00:00
TU.BK,TU.BK,TU.BK,43177050112,yfinance.info.marketCap,THB,11.2,3855093796,EQUITY,SET,Thai Union Group Public Company Limited,TU_THAI UNION GROUP,OK,2026-06-03T11:38:58.673898+00:00
TU-PF.BK,TU-PF.BK,TU-PF.BK,86510736,yfinance.info.marketCap,THB,0.83,104229800,MUTUALFUND,SET,T.U. Dome Residential Complex Leasehold Property Fund,"""T.U.Dome Residential Complex P",OK,2026-06-03T11:39:01.385854+00:00
TURTLE.BK,TURTLE.BK,TURTLE.BK,4291783168,yfinance.info.marketCap,THB,2.7,1589549287,EQUITY,SET,Super Turtle Public Company Limited,TURTLE_SUPER TURTLE,OK,2026-06-03T11:39:03.812800+00:00
TVDH.BK,TVDH.BK,TVDH.BK,87618432,yfinance.info.marketCap,THB,0.05,1752368592,EQUITY,SET,TVD Holdings Public Company Limited,TVDH_TVD HOLDINGS,OK,2026-06-03T11:39:06.325655+00:00
TVH.BK,TVH.BK,TVH.BK,2967896576,yfinance.info.marketCap,THB,9.9,299787556,EQUITY,SET,Thaivivat Holdings Public Company Limited,TVH_THAIVIVAT HOLDINGS,OK,2026-06-03T11:39:09.089751+00:00
TVO.BK,TVO.BK,TVO.BK,22903883776,yfinance.info.marketCap,THB,25.75,889471248,EQUITY,SET,Thai Vegetable Oil Public Company Limited,TVO_THAI VEGETABLE OIL,OK,2026-06-03T11:39:11.998882+00:00
TVT.BK,TVT.BK,TVT.BK,160006016,yfinance.info.marketCap,THB,0.2,800030075,EQUITY,SET,TV Thunder Public Company Limited,TVT_TV THUNDER,OK,2026-06-03T11:39:14.593007+00:00
TWP.BK,TWP.BK,TWP.BK,309666304,yfinance.info.marketCap,THB,1.16,266953705,EQUITY,SET,Thai Wire Products Public Company Limited,TWP_THAI WIRE PRODUCTS,OK,2026-06-03T11:39:16.918709+00:00
TWPC.BK,TWPC.BK,TWPC.BK,2588437504,yfinance.info.marketCap,THB,2.94,880420930,EQUITY,SET,Thai Wah Public Company Limited,TWPC_THAI WAH,OK,2026-06-03T11:39:19.603930+00:00
TWZ.BK,TWZ.BK,TWZ.BK,635548992,yfinance.info.marketCap,THB,0.02,31777449950,EQUITY,SET,TWZ Corporation Public Company Limited,TWZ_TWZ CORPORATION,OK,2026-06-03T11:39:22.445224+00:00
TYCN.BK,TYCN.BK,TYCN.BK,996570688,yfinance.info.marketCap,THB,1.67,596748900,EQUITY,SET,Tycoons Worldwide Group (Thailand) Public Company Limited,TYCN_TYCOONS WORLDWIDE GROUP,OK,2026-06-03T11:39:24.717364+00:00
UAC.BK,UAC.BK,UAC.BK,1735776128,yfinance.info.marketCap,THB,2.6,667606199,EQUITY,SET,UAC Global Public Company Limited,UAC_UAC GLOBAL,OK,2026-06-03T11:39:27.403895+00:00
UBA.BK,UBA.BK,UBA.BK,642000000,yfinance.info.marketCap,THB,1.07,600000000,EQUITY,SET,Utility Business Alliance Public Company Limited,UBA_UTILITY BUSINESS ALLIANCE,OK,2026-06-03T11:39:30.312847+00:00
UBE.BK,UBE.BK,UBE.BK,2192000256,yfinance.info.marketCap,THB,0.56,3914286000,EQUITY,SET,Ubon Bio Ethanol Public Company Limited,UBE_UBON BIO ETHANOL,OK,2026-06-03T11:39:33.226425+00:00
UBIS.BK,UBIS.BK,UBIS.BK,350550336,yfinance.info.marketCap,THB,1.23,285000250,EQUITY,SET,Ubis (Asia) Public Company Limited,UBIS_UBIS (ASIA),OK,2026-06-03T11:39:35.357803+00:00
UEC.BK,UEC.BK,UEC.BK,473523776,yfinance.info.marketCap,THB,0.83,570510600,EQUITY,SET,Unimit Engineering Public Company Limited,UEC_UNIMIT ENGINEERING,OK,2026-06-03T11:39:38.007318+00:00
UKEM.BK,UKEM.BK,UKEM.BK,1235648512,yfinance.info.marketCap,THB,1.14,1083902251,EQUITY,SET,Union Petrochemical Public Company Limited,UKEM_UNION PETROCHEMICAL,OK,2026-06-03T11:39:40.521678+00:00
UMI.BK,UMI.BK,UMI.BK,744489216,yfinance.info.marketCap,THB,0.89,836504741,EQUITY,SET,The Union Mosaic Industry Public Company Limited,UMI_THE UNION MOSAIC INDUSTRY,OK,2026-06-03T11:39:43.588992+00:00
UMS.BK,UMS.BK,UMS.BK,955339776,yfinance.info.marketCap,THB,0.4,2388349543,EQUITY,SET,Unique Mining Services Public Company Limited,UMS_UNIQUE MINING SERVICES,OK,2026-06-03T11:39:46.137895+00:00
UNIQ.BK,UNIQ.BK,UNIQ.BK,3070085888,yfinance.info.marketCap,THB,2.84,1081016253,EQUITY,SET,Unique Engineering and Construction Public Company Limited,UNIQ_UNIQUE ENGINEERING AND,OK,2026-06-03T11:39:48.562890+00:00
UOBKH.BK,UOBKH.BK,UOBKH.BK,,,,,502448570,,,,,NO_MARKET_CAP_RETURNED,2026-06-03T11:39:51.313981+00:00
UP.BK,UP.BK,UP.BK,590000000,yfinance.info.marketCap,THB,23.6,25000000,EQUITY,SET,Union Plastic Public Company Limited,UP_UNION PLASTIC,OK,2026-06-03T11:39:54.728811+00:00
UPF.BK,UPF.BK,UPF.BK,162000000,yfinance.info.marketCap,THB,21.6,7500000,EQUITY,SET,Union Pioneer Public Company Limited,UPF_UNION PIONEER,OK,2026-06-03T11:39:57.006676+00:00
UPOIC.BK,UPOIC.BK,UPOIC.BK,2235944960,yfinance.info.marketCap,THB,6.9,324050000,EQUITY,SET,United Palm Oil Industry Public Company Limited,UPOIC_UNITED PALM OIL INDUSTRY,OK,2026-06-03T11:39:59.280455+00:00
UREKA.BK,UREKA.BK,UREKA.BK,771710592,yfinance.info.marketCap,THB,0.41,1882220881,EQUITY,SET,Eureka Design Public Company Limited,UREKA_EUREKA DESIGN,OK,2026-06-03T11:40:01.790240+00:00
UTP.BK,UTP.BK,UTP.BK,5232500224,yfinance.info.marketCap,THB,8.05,650000000,EQUITY,SET,United Paper Public Company Limited,UTP_UNITED PAPER,OK,2026-06-03T11:40:04.649454+00:00
UV.BK,UV.BK,UV.BK,1644256896,yfinance.info.marketCap,THB,0.86,1911926537,EQUITY,SET,Univentures Public Company Limited,UV_UNIVENTURES,OK,2026-06-03T11:40:06.976903+00:00
UVAN.BK,UVAN.BK,UVAN.BK,14005999616,yfinance.info.marketCap,THB,14.9,940000000,EQUITY,SET,Univanich Palm Oil Public Company Limited,UVAN_UNIVANICH PALM OIL,OK,2026-06-03T11:40:09.965941+00:00
VARO.BK,VARO.BK,VARO.BK,401606528,yfinance.info.marketCap,THB,4.02,99902123,EQUITY,SET,Varopakorn Public Company Limited,VARO_VAROPAKORN,OK,2026-06-03T11:40:12.404271+00:00
VCOM.BK,VCOM.BK,VCOM.BK,1166619648,yfinance.info.marketCap,THB,3.8,307005200,EQUITY,SET,Vintcom Technology Public Company Limited,VCOM_VINTCOM TECHNOLOGY,OK,2026-06-03T11:40:14.752603+00:00
VGI.BK,VGI.BK,VGI.BK,21101285376,yfinance.info.marketCap,THB,1,21101284893,EQUITY,SET,VGI Public Company Limited,VGI_VGI,OK,2026-06-03T11:40:17.566426+00:00
VIBHA.BK,VIBHA.BK,VIBHA.BK,18474184704,yfinance.info.marketCap,THB,1.37,13484805805,EQUITY,SET,Vibhavadi Medical Center Public Company Limited,VIBHA_VIBHAVADI MEDICAL CENTER,OK,2026-06-03T11:40:20.602847+00:00
VIH.BK,VIH.BK,VIH.BK,5100496896,yfinance.info.marketCap,THB,8.25,618242032,EQUITY,SET,Srivichaivejvivat Public Company Limited,VIH_SRIVICHAIVEJVIVAT,OK,2026-06-03T11:40:22.876895+00:00
VL.BK,VL.BK,VL.BK,958737472,yfinance.info.marketCap,THB,0.81,1183626515,EQUITY,SET,V.L. Enterprise Public Company Limited,VL_V.L. ENTERPRISE,OK,2026-06-03T11:40:25.327972+00:00
VNG.BK,VNG.BK,VNG.BK,3331655936,yfinance.info.marketCap,THB,1.92,1735237480,EQUITY,SET,Vanachai Group Public Company Limited,VNG_VANACHAI GROUP,OK,2026-06-03T11:40:28.230970+00:00
VPO.BK,VPO.BK,VPO.BK,470000000,yfinance.info.marketCap,THB,0.5,940000000,EQUITY,SET,Vichitbhan Palmoil Public Company Limited,VPO_VICHITBHAN PALMOIL,OK,2026-06-03T11:40:31.288412+00:00
VRANDA.BK,VRANDA.BK,VRANDA.BK,1438567424,yfinance.info.marketCap,THB,4.5,319681672,EQUITY,SET,Veranda Resort Public Company Limited,VRANDA_VERANDA RESORT,OK,2026-06-03T11:40:33.683928+00:00
VS.BK,VS.BK,VS.BK,67500000,yfinance.info.marketCap,THB,0.27,250000000,EQUITY,SET,,VS_VISERVE ENTERPRISE,OK,2026-06-03T11:40:36.143467+00:00
WACOAL.BK,WACOAL.BK,WACOAL.BK,1968000000,yfinance.info.marketCap,THB,16.4,120000000,EQUITY,SET,Thai Wacoal Public Company Limited,WACOAL_THAI WACOAL,OK,2026-06-03T11:40:39.078927+00:00
WARRIX.BK,WARRIX.BK,WARRIX.BK,842384384,yfinance.info.marketCap,THB,1.43,589080000,EQUITY,SET,Warrix Sport Public Company Limited,WARRIX_WARRIX SPORT,OK,2026-06-03T11:40:41.184475+00:00
WAVE.BK,WAVE.BK,WAVE.BK,343888128,yfinance.info.marketCap,THB,0.03,11462937100,EQUITY,SET,Wave Exponential Public Company Limited,WAVE_WAVE EXPONENTIAL,OK,2026-06-03T11:40:44.154561+00:00
WELL.BK,WELL.BK,WELL.BK,,,,,,,,,,NO_MARKET_CAP_RETURNED,2026-06-03T11:40:46.729566+00:00
WFX.BK,WFX.BK,WFX.BK,454916000,yfinance.info.marketCap,THB,0.98,464200000,EQUITY,SET,World Flex Public Company Limited,WFX_WORLD FLEX,OK,2026-06-03T11:40:49.971232+00:00
WGE.BK,WGE.BK,WGE.BK,426000000,yfinance.info.marketCap,THB,0.71,600000000,EQUITY,SET,Well Graded Engineering Public Company Limited,WGE_WELL GRADED ENGINEERING,OK,2026-06-03T11:40:52.398000+00:00
WHA.BK,WHA.BK,WHA.BK,74734174208,yfinance.info.marketCap,THB,5,14946834679,EQUITY,SET,WHA Corporation Public Company Limited,WHA_WHA CORPORATION,OK,2026-06-03T11:40:55.275492+00:00
WHABT.BK,WHABT.BK,WHABT.BK,1171600000,yfinance.info.marketCap,THB,5.8,202000000,EQUITY,SET,WHA Business Complex Freehold and Leasehold Real Estate Investment Trust,WHABT_WHA BUSINESS COMPLEX,OK,2026-06-03T11:40:57.449605+00:00
WHAIR.BK,WHAIR.BK,WHAIR.BK,7888105472,yfinance.info.marketCap,THB,7.45,1058806116,EQUITY,SET,WHA Industrial Leasehold Real Estate Investment Trust,WHAIR_WHA INDUSTRIAL LEASEHOLD,OK,2026-06-03T11:40:59.849327+00:00
WHART.BK,WHART.BK,WHART.BK,36075802624,yfinance.info.marketCap,THB,10.4,3468827441,EQUITY,SET,WHA Premium Growth Freehold And Leasehold Real Estate Investment Trust,WHART_WHA PREMIUM GROWTH,OK,2026-06-03T11:41:02.369039+00:00
WHAUP.BK,WHAUP.BK,WHAUP.BK,22567499776,yfinance.info.marketCap,THB,5.9,3825000000,EQUITY,SET,WHA Utilities and Power Public Company Limited,WHAUP_WHA UTILITIES AND POWER,OK,2026-06-03T11:41:05.244709+00:00
WICE.BK,WICE.BK,WICE.BK,1512758784,yfinance.info.marketCap,THB,2.36,640999500,EQUITY,SET,Wice Logistics Public Company Limited,WICE_WICE LOGISTICS,OK,2026-06-03T11:41:08.311951+00:00
WIIK.BK,WIIK.BK,WIIK.BK,812552960,yfinance.info.marketCap,THB,0.97,837683469,EQUITY,SET,WIIK Public Company Limited,WIIK_WIIK,OK,2026-06-03T11:41:11.274837+00:00
WIN.BK,WIN.BK,WIN.BK,151508880,yfinance.info.marketCap,THB,0.27,561144020,EQUITY,SET,Wyncoast Industrial Park Public Company Limited,WIN_WYNCOAST INDUSTRIAL PARK,OK,2026-06-03T11:41:14.084602+00:00
WINDOW.BK,WINDOW.BK,WINDOW.BK,648240000,yfinance.info.marketCap,THB,0.73,888000000,EQUITY,SET,,WINDOW_WINDOW ASIA,OK,2026-06-03T11:41:16.500939+00:00
WINMED.BK,WINMED.BK,WINMED.BK,344000000,yfinance.info.marketCap,THB,0.86,400000000,EQUITY,SET,Winnergy Medical Public Company Limited,WINMED_WINNERGY MEDICAL,OK,2026-06-03T11:41:18.918675+00:00
WINNER.BK,WINNER.BK,WINNER.BK,1247947264,yfinance.info.marketCap,THB,2.08,599974662,EQUITY,SET,Winner Group Enterprise Public Company Limited,WINNER_WINNER GROUP ENTERPRISE,OK,2026-06-03T11:41:21.909335+00:00
WORK.BK,WORK.BK,WORK.BK,1554292864,yfinance.info.marketCap,THB,3.52,441560485,EQUITY,SET,Workpoint Entertainment Public Company Limited,WORK_WORKPOINT ENTERTAINMENT,OK,2026-06-03T11:41:24.870223+00:00
WP.BK,WP.BK,WP.BK,1827607168,yfinance.info.marketCap,THB,3.58,510504800,EQUITY,SET,WP Energy Public Company Limited,WP_WP ENERGY,OK,2026-06-03T11:41:27.526959+00:00
WPH.BK,WPH.BK,WPH.BK,4249043968,yfinance.info.marketCap,THB,5.95,714125065,EQUITY,SET,Wattanapat Hospital Trang Public Company Limited,WPH_WATTANAPAT HOSPITAL TRANG,OK,2026-06-03T11:41:30.061223+00:00
XBIO.BK,XBIO.BK,XBIO.BK,972081280,yfinance.info.marketCap,THB,0.08,12151016133,EQUITY,SET,X Bioscience Public Company Limited,XBIO_X BIOSCIENCE,OK,2026-06-03T11:41:33.174143+00:00
XO.BK,XO.BK,XO.BK,5567432704,yfinance.info.marketCap,THB,13,428264050,EQUITY,SET,Exotic Food Public Company Limited,XO_EXOTIC FOOD,OK,2026-06-03T11:41:36.144522+00:00
XPG.BK,XPG.BK,XPG.BK,5029089792,yfinance.info.marketCap,THB,0.47,10700191101,EQUITY,SET,XSpring Capital Public Company Limited,XPG_XSPRING CAPITAL,OK,2026-06-03T11:41:38.819636+00:00
YGG.BK,YGG.BK,YGG.BK,120399440,yfinance.info.marketCap,THB,0.2,601997187,EQUITY,SET,Yggdrazil Group Public Company Limited,YGG_YGGDRAZIL GROUP,OK,2026-06-03T11:41:41.502817+00:00
YONG.BK,YONG.BK,YONG.BK,476000000,yfinance.info.marketCap,THB,0.7,680000000,EQUITY,SET,Yong Concrete Public Company Limited,YONG_YONG CONCRETE,OK,2026-06-03T11:41:43.922811+00:00
YUASA.BK,YUASA.BK,YUASA.BK,1560562560,yfinance.info.marketCap,THB,14.5,107625000,EQUITY,SET,Yuasa Battery (Thailand) Public Company Limited,YUASA_YUASA BATTERY (THAILAND),OK,2026-06-03T11:41:46.557714+00:00
ZAA.BK,ZAA.BK,ZAA.BK,1111601920,yfinance.info.marketCap,THB,1.71,650059588,EQUITY,SET,ZALEKTA Public Company Limited,ZAA_ZALEKTA,OK,2026-06-03T11:41:49.776124+00:00
ZEN.BK,ZEN.BK,ZEN.BK,1610196352,yfinance.info.marketCap,THB,5.4,298184500,EQUITY,SET,ZEN Corporation Group Public Company Limited,ZEN_ZEN CORPORATION GROUP,OK,2026-06-03T11:41:52.258163+00:00
ZIGA.BK,ZIGA.BK,ZIGA.BK,656222336,yfinance.info.marketCap,THB,0.89,737328449,EQUITY,SET,Ziga Innovation Public Company Limited,ZIGA_ZIGA INNOVATION,OK,2026-06-03T11:41:54.834315+00:00
